,Unnamed: 0,Unnamed: 0.1,MICHELLE WU,PAT PAYASO,MICHAEL F FLAHERTY,AYANNA S PRESSLEY,DOMINGOS DAROSA,ALTHEA GARRISON,ANNISSA E GEORGE,WILLIAM A KING,ALL OTHERS,VOTES CAST,BLANKS,BALLOTS CAST,Ward_Precinct,Registered Voters,Turnout,Unnamed: 0.1.1,Precinct,Total,White,Black or African American,American Indian and Alaska Native,Asian,Native Hawaiian and Other Pacific Islander,Some Other Race,Two or More Races,Total.1,White (alone),Black or African American (alone),Hispanic or Latino (alone),American Indian and Alaska Native (alone),Asian (alone),Native Hawaiian and Other Pacific Islander (alone),Some Other Race/Ethnicity (alone),Two or More Races/Ethnicities  (alone),Black Percentage,Native American Percentage,Asian Percentage,Native Hawaiian/Pacific Islander Percentage,Other Race Percentage,Two or more races Percentage,Hispanic Percentage,White Percentage,Hispanic & Black Percentage,Black plurality (Y/N),Pressley percentage,Wu Percentage,Flaherty Percentage,Annissa Percentage,Latino plurality (Y/N),White plurality (Y/N),Asian plurality (Y/N)
0,0,0,320,33,216,254,50,66,227,37,1,1204,776,495,0101,1397,0.354330708661417,1,101,1717,1369,55,7,49,4,173,60,1717,1074,38,503,3,45,0,27,27,3.20326150262085,0.40768782760629,2.85381479324403,0.23296447291788,10.0757134536983,3.4944670937682,29.2952824694234,79.7320908561444,32.4985439720443,N,21.0963455149502,26.578073089701,17.9401993355482,18.8538205980066,N,Y,N
1,1,1,159,21,154,98,23,29,99,15,3,601,591,298,0102,1035,0.28792270531401,2,102,2071,1520,61,3,42,0,351,94,2071,828,40,1073,2,42,0,53,33,2.94543698696282,0.144857556735876,2.02800579430227,0,16.9483341380975,4.53887011105746,51.8107194591985,73.394495412844,54.7561564461613,N,16.30615640599,26.4559068219634,25.6239600665557,16.4725457570716,N,Y,N
2,2,2,408,60,289,305,85,97,249,63,9,1565,1279,711,0103,2379,0.298865069356873,3,103,3179,1989,278,10,228,0,494,180,3179,1275,212,1314,5,227,0,57,89,8.74488832966342,0.314564328405159,7.17206668763762,0,15.5394778232149,5.66215791129286,41.3337527524379,62.5668449197861,50.0786410821013,N,19.4888178913738,26.0702875399361,18.4664536741214,15.9105431309904,N,Y,N
3,3,3,130,15,96,82,25,19,70,29,1,467,453,230,0104,798,0.288220551378446,4,104,1884,1097,57,12,38,1,555,124,1884,512,43,1203,6,37,0,59,24,3.02547770700637,0.636942675159236,2.01698513800425,0.0530785562632696,29.4585987261147,6.58174097664544,63.8535031847134,58.2271762208068,66.8789808917197,N,17.558886509636,27.8372591006424,20.5567451820129,14.9892933618844,Y,N,N
4,4,4,207,23,184,140,52,39,133,25,3,806,614,355,0105,1255,0.282868525896414,5,105,2888,1659,77,22,76,5,896,153,2888,969,47,1664,1,74,0,93,40,2.66620498614958,0.761772853185596,2.63157894736842,0.173130193905817,31.0249307479224,5.29778393351801,57.617728531856,57.4445983379501,60.2839335180055,N,17.3697270471464,25.682382133995,22.8287841191067,16.5012406947891,Y,N,N
5,5,5,160,23,109,109,35,30,129,18,6,619,633,313,0106,1171,0.267292912040991,6,106,2507,1488,78,16,61,1,749,114,2507,807,59,1479,5,61,0,60,36,3.111288392501,0.638213003589948,2.43318707618668,0.0398883127243718,29.8763462305545,4.54726765057838,58.9948145193458,59.3538093338652,62.1061029118468,N,17.6090468497577,25.8481421647819,17.6090468497577,20.8400646203554,N,Y,N
6,6,6,169,28,147,136,22,43,143,20,5,713,647,340,0107,1218,0.279146141215107,7,107,2388,1407,108,11,72,0,652,138,2388,709,76,1451,6,72,0,43,31,4.52261306532663,0.460636515912898,3.01507537688442,0,27.3031825795645,5.77889447236181,60.7621440536013,58.9195979899497,65.284757118928,N,19.0743338008415,23.7026647966339,20.617110799439,20.0561009817672,Y,N,N
7,7,7,213,29,198,153,56,43,189,36,13,930,978,477,0108,1708,0.279274004683841,8,108,2902,1700,119,18,191,0,723,151,2902,912,76,1669,5,188,0,8,44,4.10062026188835,0.62026188835286,6.58166781529979,0,24.9138525155065,5.20330806340455,57.5120606478291,58.5802894555479,61.6126809097174,N,16.4516129032258,22.9032258064516,21.2903225806452,20.3225806451613,N,Y,N
8,8,8,160,24,154,109,29,33,141,18,2,670,706,344,0109,1093,0.314730100640439,9,109,2086,1387,63,8,41,0,496,91,2086,734,44,1216,1,38,0,30,23,3.02013422818792,0.383509108341323,1.96548418024928,0,23.777564717162,4.36241610738255,58.2933844678811,66.4908916586769,61.313518696069,N,16.2686567164179,23.8805970149254,22.9850746268657,21.044776119403,N,Y,N
9,9,9,90,9,78,65,12,21,66,12,0,353,419,193,0110,742,0.26010781671159,10,110,1862,1176,43,8,64,1,473,97,1862,552,38,1165,0,62,1,38,6,2.3093447905478,0.429645542427497,3.43716433941998,0.0537056928034372,25.4027926960258,5.2094522019334,62.5671321160043,63.1578947368421,64.8764769065521,N,18.4135977337111,25.4957507082153,22.0963172804533,18.6968838526912,N,Y,N
10,10,10,285,46,278,172,43,42,192,40,1,1099,1165,566,0111,1425,0.39719298245614,11,111,2722,2141,79,13,87,2,337,63,2722,1610,57,923,0,87,1,19,25,2.90227773695812,0.477590007347539,3.19617927994122,0.0734753857457752,12.3806024981631,2.31447465099192,33.9088905216752,78.6554004408523,36.8111682586334,N,15.6505914467698,25.9326660600546,25.2957233848954,17.4704276615105,N,Y,N
11,11,11,269,35,310,184,49,50,195,35,3,1130,1038,542,0112,1365,0.397069597069597,12,112,1833,1516,33,10,49,0,175,50,1833,1231,26,476,8,49,0,24,19,1.80032733224223,0.545553737043099,2.67321331151118,0,9.54719039825423,2.72776868521549,25.9683578832515,82.7059465357338,27.7686852154937,N,16.283185840708,23.8053097345133,27.4336283185841,17.2566371681416,N,Y,N
12,12,12,315,35,317,205,53,69,193,51,5,1243,1305,637,0113,1916,0.332463465553236,13,113,2624,1792,226,10,99,0,392,105,2624,1192,178,1099,5,95,0,28,27,8.61280487804878,0.38109756097561,3.77286585365854,0,14.9390243902439,4.0015243902439,41.8826219512195,68.2926829268293,50.4954268292683,N,16.4923572003218,25.3419147224457,25.5028157683025,15.526950925181,N,Y,N
13,13,13,153,17,196,106,23,27,111,17,1,651,669,330,0114,960,0.34375,14,114,820,717,21,1,37,1,29,14,820,613,16,145,0,36,1,1,8,2.5609756097561,0.121951219512195,4.51219512195122,0.121951219512195,3.53658536585366,1.70731707317073,17.6829268292683,87.4390243902439,20.2439024390244,N,16.2826420890937,23.5023041474654,30.1075268817204,17.0506912442396,N,Y,N
14,14,14,0,0,0,0,0,0,0,0,0,0,0,0,0115,18,0,15,115,530,208,217,2,7,1,78,17,530,165,204,130,2,7,1,13,8,40.9433962264151,0.377358490566038,1.32075471698113,0.188679245283019,14.7169811320755,3.20754716981132,24.5283018867924,39.2452830188679,65.4716981132076,Y,,,,,N,N,N
15,15,15,475,34,505,365,36,108,260,59,6,1848,1328,794,0201,2209,0.359438660027162,16,201,1690,1606,11,0,51,1,15,6,1690,1586,9,36,0,51,1,1,6,0.650887573964497,0,3.01775147928994,0.0591715976331361,0.887573964497041,0.355029585798816,2.1301775147929,95.0295857988166,2.7810650887574,N,19.7510822510822,25.7034632034632,27.3268398268398,14.0692640692641,N,Y,N
16,16,16,508,60,497,377,64,113,294,75,13,2001,1499,875,0202,2985,0.293132328308208,17,202,3716,2422,367,11,602,7,220,87,3716,2182,309,540,5,601,7,22,50,9.8762109795479,0.296017222820237,16.200215285253,0.188374596340151,5.92034445640474,2.34122712594187,14.5317545748116,65.1776103336921,24.4079655543595,N,18.8405797101449,25.3873063468266,24.8375812093953,14.6926536731634,N,Y,N
17,17,17,411,35,308,300,44,90,226,31,5,1450,890,585,0203,1470,0.397959183673469,18,203,1652,1594,7,3,24,0,6,18,1652,1576,7,27,3,23,0,1,15,0.423728813559322,0.181598062953995,1.45278450363196,0,0.36319612590799,1.08958837772397,1.63438256658596,96.4891041162228,2.05811138014528,N,20.6896551724138,28.3448275862069,21.2413793103448,15.5862068965517,N,Y,N
18,18,18,307,29,310,224,28,69,183,32,6,1188,1004,548,0204,1498,0.365821094793057,19,204,1457,1040,132,5,146,0,90,44,1457,966,100,230,0,145,0,3,13,9.05971173644475,0.343170899107756,10.0205902539465,0,6.1770761839396,3.01990391214825,15.7858613589568,71.3795470144132,24.8455730954015,N,18.8552188552189,25.8417508417508,26.0942760942761,15.4040404040404,N,Y,N
19,19,19,375,31,381,272,34,82,229,47,5,1456,900,589,0205,1580,0.372784810126582,20,205,1602,1561,6,0,22,1,3,9,1602,1548,6,18,0,21,0,1,8,0.374531835205992,0,1.37328339575531,0.0624219725343321,0.187265917602996,0.561797752808989,1.12359550561798,97.4406991260924,1.49812734082397,N,18.6813186813187,25.7554945054945,26.1675824175824,15.728021978022,N,Y,N
20,20,20,494,50,575,357,38,103,283,49,6,1955,1485,860,0206,2022,0.425321463897131,21,206,2278,2014,40,3,161,1,29,30,2278,1968,34,94,2,160,1,1,18,1.75592625109745,0.131694468832309,7.06760316066725,0.0438981562774364,1.27304653204565,1.31694468832309,4.12642669007902,88.4108867427568,5.88235294117647,N,18.2608695652174,25.2685421994885,29.4117647058824,14.4757033248082,N,Y,N
21,21,21,335,30,407,231,39,61,186,33,4,1326,958,571,0207,1567,0.364390555201021,22,207,1359,1256,26,0,63,0,5,9,1359,1230,25,28,0,63,0,4,9,1.91317144959529,0,4.63576158940397,0,0.367917586460633,0.662251655629139,2.06033848417954,92.420897718911,3.97350993377484,N,17.420814479638,25.26395173454,30.6938159879336,14.027149321267,N,Y,N
22,22,22,656,63,596,451,74,158,385,76,20,2479,1949,1107,0301,3033,0.364985163204748,23,301,3998,3619,129,8,137,0,50,55,3998,3522,125,156,6,136,0,7,46,3.22661330665333,0.200100050025012,3.42671335667834,0,1.25062531265633,1.37568784392196,3.90195097548774,90.520260130065,7.12856428214107,N,18.192819685357,26.4622831787011,24.0419524001614,15.5304558289633,N,Y,N
23,23,23,272,30,222,196,30,53,176,25,4,1008,844,463,0302,1625,0.284923076923077,24,302,1866,1771,20,1,44,1,20,9,1866,1719,16,71,1,43,1,6,9,1.07181136120043,0.0535905680600214,2.35798499464094,0.0535905680600214,1.07181136120043,0.482315112540193,3.80493033226152,94.908896034298,4.87674169346195,N,19.4444444444444,26.984126984127,22.0238095238095,17.4603174603175,N,Y,N
24,24,24,284,24,284,183,42,52,158,29,6,1062,950,503,0303,1807,0.27836192584394,25,303,2362,2234,13,6,68,0,19,22,2362,2177,12,74,5,67,0,6,21,0.550381033022862,0.254022015241321,2.87891617273497,0,0.804403048264183,0.931414055884843,3.13293818797629,94.5808636748518,3.68331922099915,N,17.2316384180791,26.7419962335217,26.7419962335217,14.8775894538606,N,Y,N
25,25,25,303,39,284,186,45,78,174,34,8,1151,1093,561,0304,1786,0.314109742441209,26,304,1910,1823,14,6,37,2,9,19,1910,1766,14,69,5,37,2,4,13,0.732984293193717,0.31413612565445,1.93717277486911,0.104712041884817,0.471204188481675,0.994764397905759,3.61256544502618,95.4450261780105,4.3455497382199,N,16.1598609904431,26.3249348392702,24.6741963509991,15.1172893136403,N,Y,N
26,26,26,495,61,339,342,85,131,280,66,5,1804,832,659,0305,3073,0.214448421737716,27,305,4660,3353,541,4,640,0,49,73,4660,3006,536,404,4,637,0,9,64,11.6094420600858,0.0858369098712446,13.7339055793991,0,1.05150214592275,1.56652360515021,8.66952789699571,71.9527896995708,20.2789699570816,N,18.9578713968958,27.4390243902439,18.7915742793792,15.5210643015521,N,Y,N
27,27,27,569,60,371,420,59,148,353,84,11,2075,857,733,0306,4266,0.171823722456634,28,306,5373,4484,246,11,455,3,79,95,5373,4291,226,284,10,454,3,18,87,4.5784477945282,0.204727340405732,8.46826726223711,0.0558347292015634,1.47031453564117,1.76809975804951,5.285687697748,83.4543085799367,9.8641354922762,N,20.2409638554217,27.421686746988,17.8795180722892,17.0120481927711,N,Y,N
28,28,28,943,71,598,682,88,228,499,64,23,3196,1700,1224,0307,3810,0.321259842519685,29,307,3951,2911,233,10,629,0,96,72,3951,2788,210,262,7,627,0,9,48,5.89724120475829,0.253100480890914,15.9200202480385,0,2.42976461655277,1.82232346241458,6.63123259934194,73.677549987345,12.5284738041002,N,21.3391739674593,29.5056320400501,18.7108886107635,15.613266583229,N,Y,N
29,29,29,964,57,480,637,78,160,554,72,36,3038,2186,1306,0308,5709,0.228761604484148,30,308,7821,3585,377,4,3598,4,103,150,7821,3347,351,386,4,3594,3,15,121,4.82035545326685,0.0511443549418233,46.0043472701701,0.0511443549418233,1.31696713975195,1.91791331031837,4.93543025188595,45.8381281166091,9.75578570515279,N,20.9677419354839,31.7314022383147,15.7998683344306,18.2356813693219,N,N,Y
30,30,30,553,20,319,397,36,90,303,44,4,1766,914,670,0401,1784,0.375560538116592,31,401,2011,1736,70,4,129,0,35,37,2011,1667,64,102,4,129,0,18,27,3.4808552958727,0.198906016907011,6.41471904525112,0,1.74042764793635,1.83988065638986,5.07210343112879,86.325211337643,8.55295872700149,N,22.480181200453,31.3137032842582,18.0634201585504,17.1574178935447,N,Y,N
31,31,31,501,38,290,397,53,150,248,54,11,1742,1050,698,0402,3015,0.23150912106136,32,402,3532,2541,390,8,468,0,54,71,3532,2397,375,212,7,466,0,11,64,11.0419026047565,0.226500566251416,13.2502831257078,0,1.52887882219706,2.01019252548131,6.00226500566251,71.9422423556059,17.044167610419,N,22.7898966704937,28.760045924225,16.6475315729047,14.2365097588978,N,Y,N
32,32,32,346,14,192,267,37,84,194,30,0,1164,536,425,0403,1247,0.340817963111468,33,403,1337,985,211,2,81,0,27,31,1337,938,200,93,2,81,0,2,21,15.7816005983545,0.149588631264024,6.05833956619297,0,2.01944652206432,2.31862378459237,6.95587135377711,73.6724008975318,22.7374719521316,N,22.9381443298969,29.7250859106529,16.4948453608247,16.6666666666667,N,Y,N
33,33,33,362,37,202,271,42,98,167,38,7,1224,636,465,0404,1797,0.258764607679466,34,404,2256,1625,358,5,143,1,54,70,2256,1520,337,199,3,143,1,8,45,15.8687943262411,0.221631205673759,6.3386524822695,0.0443262411347518,2.3936170212766,3.10283687943262,8.8209219858156,72.0301418439716,24.6897163120567,N,22.140522875817,29.5751633986928,16.5032679738562,13.6437908496732,N,Y,N
34,34,34,228,16,166,182,13,62,124,22,7,820,552,343,0405,1520,0.225657894736842,35,405,2953,2098,294,5,448,1,47,60,2953,1947,282,215,5,445,1,7,51,9.95597697257027,0.169319336268202,15.1710125296309,0.0338638672536404,1.5916017609211,2.03183203521842,7.28073145953268,71.0463934981375,17.236708432103,N,22.1951219512195,27.8048780487805,20.2439024390244,15.1219512195122,N,Y,N
35,35,35,183,20,122,137,35,61,107,33,6,704,404,277,0406,1327,0.208741522230595,36,406,2498,1639,235,9,437,0,84,94,2498,1494,222,264,8,437,0,14,59,9.40752602081665,0.360288230584468,17.4939951961569,0,3.3626901521217,3.76301040832666,10.5684547638111,65.6124899919936,19.9759807846277,N,19.4602272727273,25.9943181818182,17.3295454545455,15.1988636363636,N,Y,N
36,36,36,176,18,106,148,36,62,117,26,0,689,315,251,0407,1357,0.184966838614591,37,407,4109,2808,291,10,745,2,114,139,4109,2631,276,329,6,742,2,12,111,7.0820150888294,0.243368216110976,18.1309321002677,0.0486736432221952,2.77439766366513,3.38281820394256,8.00681431005111,68.337795083962,15.0888293988805,N,21.4804063860668,25.544267053701,15.3846153846154,16.9811320754717,N,Y,N
37,37,37,181,20,113,139,24,58,99,27,2,663,389,263,0408,1437,0.183020180932498,38,408,4521,3301,284,8,701,2,111,114,4521,3106,266,331,6,696,1,20,95,6.28179606281796,0.17695200176952,15.5054191550542,0.04423800044238,2.45520902455209,2.52156602521566,7.32138907321389,73.0148197301482,13.6031851360319,N,20.9653092006033,27.3001508295626,17.0437405731523,14.9321266968326,N,Y,N
38,38,38,63,12,34,63,20,30,36,11,1,270,214,121,0409,1115,0.108520179372197,39,409,4347,3085,411,13,450,3,223,162,4347,2822,368,573,6,447,3,9,119,9.45479641131815,0.299056820795951,10.351966873706,0.0690131124913734,5.12997469519209,3.72670807453416,13.1815044858523,70.9684840119623,22.6363008971705,N,23.3333333333333,23.3333333333333,12.5925925925926,13.3333333333333,N,Y,N
39,39,39,48,13,23,40,16,13,26,8,1,188,56,61,0410,781,0.0781049935979513,40,410,5545,4247,359,6,601,5,155,172,5545,4098,328,350,3,592,4,19,151,6.47430117222723,0.108205590622182,10.8385933273219,0.0901713255184851,2.79531109107304,3.10189359783589,6.31199278629396,76.5915238954013,12.7862939585212,N,21.2765957446809,25.531914893617,12.2340425531915,13.8297872340426,N,Y,N
40,40,40,981,43,536,654,81,176,573,63,20,3127,1937,1266,0501,4518,0.280212483399734,41,501,6467,4012,300,8,1921,1,103,122,6467,3858,277,288,7,1920,1,18,98,4.63893613731251,0.123704963661667,29.7046543992578,0.0154631204577084,1.59270140714396,1.88650069584042,4.45337869182001,62.038039276326,9.09231482913252,N,20.9146146466262,31.3719219699392,17.1410297409658,18.324272465622,N,Y,N
41,41,41,170,15,101,144,30,54,107,28,2,651,365,254,0502,1456,0.174450549450549,42,502,4207,3131,194,8,606,2,130,136,4207,2904,178,401,5,601,2,11,105,4.61136201568814,0.190159258378892,14.4045638222011,0.0475398145947231,3.090087948657,3.23270739244117,9.53173282624198,74.423579748039,14.1430948419301,N,22.1198156682028,26.1136712749616,15.5145929339478,16.4362519201229,N,Y,N
42,42,42,299,13,173,208,29,67,185,21,5,1000,412,353,0503,1697,0.208014142604596,43,503,1873,1744,20,0,92,0,8,9,1873,1695,17,58,0,92,0,3,8,1.06780565936999,0,4.91190603310197,0,0.427122263747998,0.480512546716498,3.09663641217298,93.1126534970635,4.16444207154298,N,20.8,29.9,17.3,18.5,N,Y,N
43,43,43,292,22,175,219,37,84,202,34,5,1070,410,370,0504,2186,0.169258920402562,44,504,2702,2405,70,2,153,1,29,42,2702,2324,68,106,2,152,1,12,37,2.59067357512953,0.074019245003701,5.66247224278312,0.0370096225018505,1.07327905255366,1.55440414507772,3.92301998519615,89.0081421169504,6.51369356032568,N,20.4672897196262,27.2897196261682,16.3551401869159,18.8785046728972,N,Y,N
44,44,44,196,11,106,129,22,39,91,15,5,614,334,237,0505,680,0.348529411764706,45,505,677,636,4,1,21,0,1,14,677,624,4,17,1,21,0,1,9,0.590841949778434,0.147710487444609,3.10192023633678,0,0.147710487444609,2.06794682422452,2.51107828655835,93.9438700147711,3.10192023633678,N,21.0097719869707,31.9218241042345,17.2638436482085,14.8208469055375,N,Y,N
45,45,45,279,25,168,185,34,75,150,27,1,944,512,364,0506,1809,0.201216141514649,46,506,2212,1965,77,3,114,0,21,32,2212,1896,65,104,3,114,0,4,26,3.48101265822785,0.135623869801085,5.15370705244123,0,0.949367088607595,1.44665461121157,4.70162748643761,88.8336347197107,8.18264014466546,N,19.5974576271186,29.5550847457627,17.7966101694915,15.8898305084746,N,Y,N
46,46,46,362,37,207,261,54,102,210,46,4,1283,673,489,0507,2122,0.230442978322337,47,507,2626,2323,54,2,175,1,26,45,2626,2231,50,126,2,175,1,3,38,2.05635948210206,0.0761614623000762,6.66412795125666,0.0380807311500381,0.99009900990099,1.71363290175171,4.7981721249048,88.4615384615385,6.85453160700686,N,20.3429462197974,28.2151208106002,16.1340607950117,16.3678877630553,N,Y,N
47,47,47,313,18,164,234,29,79,168,29,11,1045,595,410,0508,1909,0.214772132006286,48,508,2585,2200,65,1,214,0,34,71,2585,2108,63,125,1,212,0,15,61,2.51450676982592,0.0386847195357834,8.27852998065764,0,1.31528046421663,2.74661508704062,4.83558994197292,85.1063829787234,7.35009671179884,N,22.3923444976077,29.9521531100478,15.6937799043062,16.0765550239234,N,Y,N
48,48,48,365,44,219,267,55,81,227,37,4,1299,501,450,0509,2663,0.168982350732257,49,509,4112,3372,89,3,513,0,53,82,4112,3174,84,262,3,506,0,13,70,2.16439688715953,0.0729571984435798,12.4756809338521,0,1.28891050583658,1.99416342412451,6.3715953307393,82.0038910505837,8.53599221789883,N,20.554272517321,28.0985373364126,16.8591224018476,17.4749807544265,N,Y,N
49,49,49,201,27,119,145,42,80,127,42,5,788,368,289,0510,1967,0.146924250127097,50,510,6184,4078,207,15,1529,0,110,245,6184,3749,197,478,12,1517,0,21,210,3.34734799482536,0.242561448900388,24.7250970245796,0,1.77878395860285,3.96183699870634,7.72962483829237,65.9443725743855,11.0769728331177,N,18.4010152284264,25.507614213198,15.1015228426396,16.1167512690355,N,Y,N
50,50,50,260,21,158,179,40,64,146,25,8,901,411,328,0511,1167,0.281062553556127,51,511,1322,1222,11,0,68,0,7,14,1322,1179,11,51,0,67,0,2,12,0.832072617246596,0,5.14372163388805,0,0.529500756429652,1.0590015128593,3.85779122541604,92.4357034795764,4.68986384266263,N,19.8668146503885,28.8568257491676,17.5360710321865,16.204217536071,N,Y,N
51,51,51,652,53,564,510,87,156,443,68,8,2541,1355,974,0601,5112,0.190532081377152,52,601,4089,3123,260,7,332,2,253,112,4089,2899,190,582,4,330,2,16,66,6.35852286622646,0.171191000244559,8.11934458302763,0.0489117143555882,6.1873318659819,2.73905600391294,14.2333088774761,76.3756419662509,20.5918317437026,N,20.0708382526564,25.6591892955529,22.1959858323495,17.4340810704447,N,Y,N
52,52,52,196,20,253,128,39,45,137,27,3,848,656,376,0602,1458,0.257887517146776,53,602,1387,1089,85,1,102,0,90,20,1387,1055,66,143,1,97,0,11,14,6.12833453496756,0.0720980533525595,7.35400144196107,0,6.48882480173035,1.44196106705119,10.310021629416,78.5147801009373,16.4383561643836,N,15.0943396226415,23.1132075471698,29.8349056603774,16.1556603773585,N,Y,N
53,53,53,232,20,312,165,19,52,172,35,6,1013,615,407,0603,1989,0.204625439919558,54,603,1848,1711,22,10,78,1,8,18,1848,1686,19,38,7,78,1,3,16,1.19047619047619,0.541125541125541,4.22077922077922,0.0541125541125541,0.432900432900433,0.974025974025974,2.05627705627706,92.5865800865801,3.24675324675325,N,16.2882527147088,22.9022704837117,30.7996051332675,16.9792694965449,N,Y,N
54,54,54,256,22,356,183,31,45,199,20,12,1124,808,483,0604,1923,0.251170046801872,55,604,1801,1666,14,4,77,0,12,28,1801,1646,14,40,2,77,0,2,20,0.777345918933926,0.222098833981122,4.27540255413659,0,0.666296501943365,1.55469183786785,2.22098833981122,92.5041643531371,2.99833425874514,N,16.2811387900356,22.7758007117438,31.6725978647687,17.7046263345196,N,Y,N
55,55,55,238,28,332,177,28,61,195,25,1,1085,735,455,0605,1736,0.262096774193548,56,605,1678,1617,8,2,31,1,11,8,1678,1598,7,28,1,31,1,5,7,0.476758045292014,0.119189511323004,1.84743742550656,0.0595947556615018,0.65554231227652,0.476758045292014,1.66865315852205,96.3647199046484,2.14541120381406,N,16.3133640552995,21.9354838709677,30.5990783410138,17.9723502304148,N,Y,N
56,56,56,291,19,457,148,16,37,187,15,12,1182,998,545,0606,1604,0.339775561097257,57,606,1503,1459,14,1,13,0,6,10,1503,1453,12,12,1,13,0,4,8,0.931470392548237,0.0665335994677312,0.864936793080506,0,0.399201596806387,0.665335994677312,0.798403193612774,97.0725216234198,1.72987358616101,N,12.5211505922166,24.6192893401015,38.663282571912,15.8206429780034,N,Y,N
57,57,57,213,30,369,163,20,43,190,18,8,1054,922,494,0607,1751,0.282124500285551,58,607,1526,1491,7,1,12,2,3,10,1526,1477,7,20,1,12,1,0,8,0.458715596330275,0.0655307994757536,0.786369593709043,0.131061598951507,0.196592398427261,0.655307994757536,1.31061598951507,97.7064220183486,1.76933158584535,N,15.4648956356736,20.2087286527514,35.0094876660341,18.0265654648956,N,Y,N
58,58,58,264,20,388,143,21,31,200,13,9,1089,819,477,0608,1565,0.304792332268371,59,608,1545,1518,3,1,10,0,3,10,1545,1512,3,10,1,9,0,0,10,0.194174757281553,0.0647249190938511,0.647249190938511,0,0.194174757281553,0.647249190938511,0.647249190938511,98.252427184466,0.841423948220065,N,13.1313131313131,24.2424242424242,35.6290174471993,18.3654729109275,N,Y,N
59,59,59,198,20,400,99,16,23,152,17,6,931,1049,495,0609,1505,0.32890365448505,60,609,1572,1543,17,2,1,0,4,5,1572,1530,15,18,2,1,0,1,5,1.08142493638677,0.127226463104326,0.0636132315521628,0,0.254452926208651,0.318066157760814,1.14503816793893,98.1552162849873,2.2264631043257,N,10.6337271750806,21.2674543501611,42.9645542427497,16.3265306122449,N,Y,N
60,60,60,218,22,428,157,14,36,234,25,8,1142,1006,537,0701,1324,0.40558912386707,61,701,1363,1343,2,0,12,0,3,3,1363,1334,2,12,0,12,0,0,3,0.146735143066764,0,0.880410858400587,0,0.220102714600147,0.220102714600147,0.880410858400587,98.5326485693324,1.02714600146735,N,13.7478108581436,19.0893169877408,37.4781085814361,20.4903677758319,N,Y,N
61,61,61,242,26,452,181,19,44,257,23,2,1246,982,557,0702,1737,0.320667818077145,62,702,1769,1733,9,0,16,1,1,9,1769,1719,9,15,0,16,1,0,9,0.508762012436405,0,0.904465799886942,0.0565291124929339,0.0565291124929339,0.508762012436405,0.847936687394008,97.9649519502544,1.35669869983041,N,14.5264847512038,19.422150882825,36.2760834670947,20.6260032102729,N,Y,N
62,62,62,303,25,549,218,22,46,249,26,8,1446,1230,669,0703,2002,0.334165834165834,63,703,2133,2048,15,2,32,0,18,18,2133,2019,15,48,2,31,0,2,16,0.70323488045007,0.093764650726676,1.50023441162682,0,0.843881856540084,0.843881856540084,2.25035161744022,96.0150023441163,2.95358649789029,N,15.0760719225449,20.954356846473,37.9668049792531,17.2199170124481,N,Y,N
63,63,63,194,23,324,141,22,44,154,25,3,930,774,426,0704,1748,0.24370709382151,64,704,1829,1576,69,2,75,0,64,43,1829,1540,57,115,2,75,0,20,20,3.77255330781848,0.109349371241115,4.10060142154183,0,3.49917987971569,2.35101148168398,6.28758884636413,86.1673045379989,10.0601421541826,N,15.1612903225806,20.8602150537634,34.8387096774194,16.5591397849462,N,Y,N
64,64,64,205,24,279,142,27,52,136,25,5,895,693,397,0705,1594,0.249058971141782,65,705,1905,1407,177,5,157,2,107,50,1905,1338,138,229,3,154,2,17,24,9.29133858267716,0.26246719160105,8.24146981627297,0.10498687664042,5.61679790026247,2.6246719160105,12.0209973753281,73.8582677165354,21.3123359580052,N,15.8659217877095,22.9050279329609,31.1731843575419,15.195530726257,N,Y,N
65,65,65,178,20,216,123,41,40,142,30,6,796,672,367,0706,1419,0.258632840028189,66,706,1586,1074,160,5,152,1,145,49,1586,992,130,289,1,150,1,6,17,10.0882723833544,0.315258511979824,9.58385876418663,0.0630517023959647,9.14249684741488,3.08953341740227,18.2219419924338,67.7175283732661,28.3102143757881,N,15.4522613065327,22.3618090452261,27.1356783919598,17.8391959798995,N,Y,N
66,66,66,136,12,182,102,48,43,82,34,11,650,626,319,0707,1223,0.260834014717907,67,707,1496,572,404,14,224,3,200,79,1496,363,312,561,6,224,2,5,23,27.0053475935829,0.935828877005348,14.9732620320856,0.200534759358289,13.3689839572192,5.2807486631016,37.5,38.2352941176471,64.5053475935829,N,15.6923076923077,20.9230769230769,28,12.6153846153846,N,Y,N
67,67,67,163,18,190,124,36,49,194,20,3,797,599,349,0708,1177,0.296516567544605,68,708,1487,1173,97,3,137,0,59,18,1487,1132,94,99,3,137,0,6,16,6.52320107599193,0.201748486886348,9.21318090114324,0,3.96772024209818,1.21049092131809,6.6577000672495,78.8836583725622,13.1809011432414,N,15.5583437892095,20.4516938519448,23.8393977415307,24.3412797992472,N,Y,N
68,68,68,181,22,164,150,25,47,220,28,1,838,462,325,0709,1182,0.274957698815567,69,709,1551,993,159,11,221,1,128,38,1551,937,147,150,7,221,1,60,28,10.2514506769826,0.709219858156028,14.2488716956802,0.0644745325596389,8.25274016763379,2.45003223726628,9.67117988394584,64.0232108317215,19.9226305609284,N,17.8997613365155,21.599045346062,19.5704057279236,26.2529832935561,N,Y,N
69,69,69,99,20,114,110,121,53,98,31,2,648,468,279,0710,1361,0.204996326230713,70,710,1847,325,584,6,47,2,686,197,1847,206,540,377,3,46,1,504,170,31.6188413643747,0.324851109907959,2.54466702761234,0.108283703302653,37.14131023281,10.6659447753113,20.4114780725501,17.5961017866811,52.0303194369247,Y,16.9753086419753,15.2777777777778,17.5925925925926,15.1234567901235,N,N,N
70,70,70,199,23,128,141,43,57,108,27,1,727,621,337,0801,1268,0.265772870662461,71,801,1484,598,376,3,176,4,265,62,1484,436,334,489,3,176,4,13,29,25.3369272237197,0.202156334231806,11.8598382749326,0.269541778975741,17.8571428571429,4.17789757412399,32.9514824797844,40.2964959568733,58.288409703504,N,19.39477303989,27.372764786795,17.6066024759285,14.8555708390647,N,Y,N
71,71,71,379,29,264,296,52,111,213,49,20,1413,815,557,0802,2781,0.200287666307084,72,802,4588,2484,1212,19,598,1,189,85,4588,1889,1174,819,14,597,1,33,61,26.4167393199651,0.414123801220575,13.0340017436792,0.021795989537925,4.11944202266783,1.85265911072363,17.8509154315606,54.1412380122057,44.2676547515257,N,20.9483368719037,26.8223637650389,18.6836518046709,15.0743099787686,N,Y,N
72,72,72,112,15,84,137,31,79,56,24,8,546,490,259,0803,1540,0.168181818181818,73,803,1269,266,715,10,52,0,169,57,1269,180,658,325,6,51,0,21,28,56.3435776201734,0.788022064617809,4.09771473601261,0,13.317572892041,4.49172576832151,25.6107171000788,20.9613869188337,81.9542947202522,Y,25.0915750915751,20.5128205128205,15.3846153846154,10.2564102564103,N,N,N
73,73,73,64,15,43,107,38,50,37,16,0,370,410,195,0804,695,0.280575539568345,74,804,664,75,392,5,11,0,142,39,664,21,352,239,5,11,0,19,17,59.0361445783133,0.753012048192771,1.6566265060241,0,21.3855421686747,5.87349397590361,35.9939759036145,11.2951807228916,95.0301204819277,Y,28.9189189189189,17.2972972972973,11.6216216216216,10,N,N,N
74,74,74,122,22,75,152,149,66,79,26,6,697,783,370,0805,1298,0.285053929121726,75,805,1638,124,659,8,40,4,613,190,1638,59,610,290,4,38,3,477,157,40.2319902319902,0.488400488400488,2.44200244200244,0.244200244200244,37.4236874236874,11.5995115995116,17.7045177045177,7.57020757020757,57.9365079365079,Y,21.8077474892396,17.5035868005739,10.7604017216643,11.3342898134864,N,N,N
75,75,75,45,10,36,50,51,28,33,11,2,266,214,120,0806,476,0.252100840336134,76,806,681,144,214,0,10,0,256,57,681,105,186,115,0,10,0,215,50,31.424375917768,0,1.46842878120411,0,37.5917767988253,8.37004405286344,16.8869309838473,21.1453744493392,48.3113069016153,Y,18.796992481203,16.9172932330827,13.5338345864662,12.406015037594,N,N,N
76,76,76,94,17,69,117,51,50,54,24,2,478,434,228,0807,977,0.233367451381781,77,807,1084,183,635,11,10,0,156,89,1084,71,580,326,5,10,0,38,54,58.5793357933579,1.01476014760148,0.922509225092251,0,14.3911439114391,8.21033210332103,30.0738007380074,16.8819188191882,88.6531365313653,Y,24.4769874476987,19.6652719665272,14.4351464435146,11.2970711297071,N,N,N
77,77,77,370,21,263,267,37,88,172,52,4,1274,1250,631,0901,1894,0.333157338965153,78,901,2092,1030,302,11,436,1,248,64,2092,748,247,633,3,435,0,4,22,14.4359464627151,0.525812619502868,20.8413001912046,0.0478011472275335,11.8546845124283,3.05927342256214,30.2581261950287,49.2351816443595,44.6940726577438,N,20.9576138147567,29.0423861852433,20.6436420722135,13.5007849293564,N,Y,N
78,78,78,400,43,244,304,45,120,221,37,9,1423,773,549,0902,2220,0.247297297297297,79,902,2267,1548,353,4,209,0,93,60,2267,1426,334,249,2,209,0,4,43,15.5712395235995,0.176444640494045,9.21923246581385,0,4.10233789148655,2.64666960741067,10.9836788707543,68.2840758711954,26.5549183943538,N,21.3633169360506,28.109627547435,17.1468728039353,15.5305692199578,N,Y,N
79,79,79,337,47,218,378,63,147,202,54,8,1454,1266,680,0903,3040,0.223684210526316,80,903,3652,1396,1415,13,204,3,428,193,3652,1069,1228,1041,8,203,1,18,84,38.7458926615553,0.355969331872946,5.58598028477547,0.0821467688937568,11.7196056955093,5.28477546549836,28.5049288061336,38.2256297918949,67.250821467689,Y,25.9972489683631,23.1774415405777,14.9931224209078,13.8927097661623,N,N,N
80,80,80,193,32,159,210,53,82,92,57,2,880,816,424,0904,2123,0.199717381064531,81,904,4580,2516,1102,31,402,0,354,175,4580,2235,981,834,16,401,0,23,90,24.061135371179,0.676855895196507,8.77729257641921,0,7.7292576419214,3.82096069868996,18.2096069868996,54.9344978165939,42.2707423580786,N,23.8636363636364,21.9318181818182,18.0681818181818,10.4545454545454,N,Y,N
81,81,81,312,50,174,422,79,179,163,55,4,1438,1234,668,0905,2035,0.328255528255528,82,905,2282,357,1491,29,51,0,211,143,2282,226,1380,507,14,50,0,22,83,65.3374233128834,1.27081507449606,2.23488168273444,0,9.24627519719544,6.26643295354952,22.2173531989483,15.6441717791411,87.5547765118317,Y,29.346314325452,21.6968011126565,12.1001390820584,11.3351877607789,N,N,N
82,82,82,132,12,124,136,33,51,82,30,2,602,434,259,1001,964,0.268672199170125,83,1001,888,264,261,11,138,0,172,42,888,159,232,333,9,138,0,0,17,29.3918918918919,1.23873873873874,15.5405405405405,0,19.3693693693694,4.72972972972973,37.5,29.7297297297297,66.8918918918919,N,22.5913621262459,21.9269102990033,20.5980066445183,13.6212624584718,Y,N,N
83,83,83,111,17,72,98,15,27,63,16,3,422,318,185,1002,944,0.195974576271186,84,1002,2579,1462,331,9,581,1,126,69,2579,1354,290,298,4,581,1,9,42,12.8344319503684,0.348972469949593,22.5281116711904,0.0387747188832881,4.8856145792943,2.67545560294688,11.5548662272199,56.6886390073672,24.3892981775882,N,23.2227488151659,26.303317535545,17.0616113744076,14.9289099526066,N,Y,N
84,84,84,102,7,90,87,16,28,74,16,0,420,244,166,1003,968,0.171487603305785,85,1003,2020,1403,193,12,256,3,83,70,2020,1306,166,228,6,256,3,5,50,9.55445544554455,0.594059405940594,12.6732673267327,0.148514851485149,4.10891089108911,3.46534653465347,11.2871287128713,69.4554455445545,20.8415841584158,N,20.7142857142857,24.2857142857143,21.4285714285714,17.6190476190476,N,Y,N
85,85,85,199,29,164,142,57,54,100,58,4,807,781,397,1004,1738,0.228423475258918,86,1004,2606,1298,421,19,561,3,209,95,2606,1128,367,477,13,556,3,5,57,16.1550268610898,0.729086722947045,21.527244819647,0.115118956254797,8.0199539524175,3.64543361473523,18.3039140445127,49.8081350729087,34.4589409056024,N,17.5960346964064,24.6592317224287,20.3221809169765,12.3915737298637,N,Y,N
86,86,86,160,20,110,163,33,54,122,17,1,680,284,241,1005,1175,0.205106382978723,87,1005,2078,1539,228,7,135,0,97,72,2078,1448,208,225,3,135,0,8,51,10.9720885466795,0.336862367661213,6.49663137632339,0,4.66794995187681,3.46487006737247,10.827718960539,74.0615976900866,21.7998075072185,N,23.9705882352941,23.5294117647059,16.1764705882353,17.9411764705882,N,Y,N
87,87,87,172,22,84,142,53,48,99,28,2,650,526,294,1006,1321,0.222558667676003,88,1006,1706,606,564,12,133,0,285,106,1706,386,472,665,1,130,0,6,46,33.0597889800703,0.703399765533412,7.79601406799531,0,16.7057444314185,6.21336459554514,38.9800703399765,35.5216881594373,72.0398593200469,N,21.8461538461539,26.4615384615385,12.9230769230769,15.2307692307692,Y,N,N
88,88,88,172,31,149,183,70,59,98,38,3,803,821,406,1007,1842,0.220412595005429,89,1007,1809,582,580,26,43,0,435,143,1809,234,457,1030,5,42,0,14,27,32.0619126589276,1.43725815367606,2.37700386954118,0,24.0464344941957,7.90491984521835,56.9375345494748,32.1724709784411,88.9994472084024,N,22.7895392278954,21.4196762141968,18.5554171855542,12.2042341220423,Y,N,N
89,89,89,293,31,207,253,57,85,190,48,2,1166,790,489,1008,1814,0.269570011025358,90,1008,2779,1583,582,4,394,2,122,92,2779,1407,538,385,4,390,1,7,47,20.9427851745232,0.143936667866139,14.1777617848147,0.0719683339330695,4.39006836991724,3.3105433609212,13.8539042821159,56.9629363080245,34.7966894566391,N,21.6981132075472,25.1286449399657,17.7530017152659,16.295025728988,N,Y,N
90,90,90,429,29,209,370,80,92,312,22,1,1544,636,545,1009,2038,0.267419038272816,91,1009,2265,1646,182,13,145,0,206,73,2265,1417,141,520,1,145,0,11,30,8.03532008830022,0.573951434878587,6.40176600441501,0,9.09492273730684,3.22295805739514,22.9580573951435,72.6710816777042,30.9933774834437,N,23.9637305699482,27.7849740932642,13.5362694300518,20.2072538860104,N,Y,N
91,91,91,177,46,61,199,33,82,95,16,2,711,377,272,1101,905,0.300552486187845,92,1101,912,357,429,3,31,0,58,34,912,307,392,150,3,31,0,6,23,47.0394736842105,0.328947368421053,3.39912280701754,0,6.35964912280702,3.7280701754386,16.4473684210526,39.1447368421053,63.4868421052632,Y,27.9887482419128,24.8945147679325,8.57946554149086,13.3614627285513,N,N,N
92,92,92,202,37,120,323,56,104,118,36,5,1001,951,488,1102,1542,0.316472114137484,93,1102,1651,230,1090,25,21,2,196,87,1651,113,1016,442,8,21,2,11,38,66.0205935796487,1.51423379769837,1.27195639006663,0.121138703815869,11.8715929739552,5.26953361599031,26.7716535433071,13.9309509388249,92.7922471229558,Y,32.2677322677323,20.1798201798202,11.988011988012,11.7882117882118,N,N,N
93,93,93,130,16,84,221,51,80,77,31,1,691,593,321,1103,1229,0.261187957689178,94,1103,1385,196,891,9,13,1,195,80,1385,90,786,445,6,13,1,12,32,64.3321299638989,0.649819494584838,0.938628158844765,0.0722021660649819,14.0794223826715,5.77617328519856,32.129963898917,14.1516245487365,96.4620938628159,Y,31.9826338639653,18.8133140376266,12.1562952243126,11.1432706222865,N,N,N
94,94,94,349,31,169,337,85,107,225,47,7,1357,879,559,1104,2003,0.2790813779331,95,1104,2245,736,813,37,44,0,457,158,2245,406,709,1027,12,41,0,10,40,36.2138084632517,1.64810690423163,1.95991091314031,0,20.3563474387528,7.03786191536748,45.7461024498887,32.7839643652561,81.9599109131403,N,24.834193072955,25.7184966838615,12.4539425202653,16.5806927044952,Y,N,N
95,95,95,266,21,147,258,87,81,181,43,4,1088,748,459,1105,1566,0.293103448275862,96,1105,1825,711,596,15,26,0,377,100,1825,440,505,803,7,26,0,11,33,32.6575342465754,0.821917808219178,1.42465753424658,0,20.6575342465753,5.47945205479452,44,38.958904109589,76.6575342465754,N,23.7132352941176,24.4485294117647,13.5110294117647,16.6360294117647,Y,N,N
96,96,96,342,29,144,301,63,90,223,27,4,1223,561,446,1106,1201,0.371357202331391,97,1106,1257,777,176,3,62,0,163,76,1257,646,127,399,1,61,0,7,16,14.0015910898966,0.238663484486873,4.93237867939539,0,12.9673826571201,6.0461416070008,31.7422434367542,61.8138424821002,45.7438345266508,N,24.6116107931316,27.9640228945217,11.7743254292723,18.2338511856092,N,Y,N
97,97,97,395,41,174,377,74,120,266,28,6,1481,635,529,1107,1631,0.324340895156346,98,1107,1955,1096,464,12,51,0,255,77,1955,938,424,487,3,51,0,10,42,23.7340153452685,0.61381074168798,2.60869565217391,0,13.0434782608696,3.9386189258312,24.9104859335038,56.0613810741688,48.6445012787724,N,25.455773126266,26.6711681296421,11.7488183659689,17.9608372721134,N,Y,N
98,98,98,451,39,211,420,73,125,321,49,5,1694,634,582,1108,1734,0.335640138408304,99,1108,1733,1185,223,10,153,1,106,55,1733,1081,196,253,3,153,1,13,33,12.867859203693,0.577034045008656,8.82862088863243,0.0577034045008656,6.11656087709175,3.1736872475476,14.598961338719,68.3785343335257,27.466820542412,N,24.7933884297521,26.6233766233766,12.4557260920897,18.9492325855962,N,Y,N
99,99,99,325,20,140,292,46,77,258,26,4,1188,448,409,1109,987,0.414387031408308,100,1109,997,844,63,1,41,0,23,25,997,790,48,99,0,40,0,3,17,6.31895687061184,0.100300902708124,4.1123370110331,0,2.30692076228686,2.50752256770311,9.92978936810431,84.653961885657,16.2487462387162,N,24.5791245791246,27.3569023569024,11.7845117845118,21.7171717171717,N,Y,N
100,100,100,355,22,163,327,60,87,279,29,4,1326,454,445,1110,1368,0.325292397660819,101,1110,1462,1096,145,2,69,0,110,40,1462,998,122,238,1,68,0,13,22,9.91792065663475,0.136798905608755,4.71956224350205,0,7.52393980848153,2.7359781121751,16.2790697674419,74.9658002735978,26.1969904240766,N,24.6606334841629,26.7722473604827,12.2926093514329,21.0407239819004,N,Y,N
101,101,101,208,23,129,355,59,139,118,45,6,1082,1090,543,1201,1745,0.311174785100287,102,1201,1812,137,1380,11,33,0,166,85,1812,74,1328,307,10,32,0,12,49,76.158940397351,0.607064017660044,1.82119205298013,0,9.16114790286976,4.69094922737307,16.9426048565121,7.560706401766,93.1015452538631,Y,32.8096118299445,19.2236598890943,11.9223659889094,10.90573012939,N,N,N
102,102,102,201,35,146,369,54,130,108,42,4,1089,1131,555,1202,2165,0.25635103926097,103,1202,2361,171,1767,17,17,1,288,100,2361,39,1664,529,9,17,1,45,57,74.8411689961881,0.72003388394748,0.72003388394748,0.0423549343498518,12.1982210927573,4.23549343498518,22.4057602710716,7.24269377382465,97.2469292672596,Y,33.8842975206612,18.4573002754821,13.406795224977,9.91735537190083,N,N,N
103,103,103,116,19,63,211,28,86,62,24,3,612,648,315,1203,934,0.337259100642398,104,1203,794,55,604,4,24,1,75,31,794,20,564,151,1,24,1,11,22,76.0705289672544,0.503778337531486,3.02267002518892,0.125944584382872,9.44584382871536,3.90428211586902,19.0176322418136,6.92695214105794,95.088161209068,Y,34.4771241830065,18.9542483660131,10.2941176470588,10.1307189542484,N,N,N
104,104,104,133,16,64,201,38,91,70,27,2,642,578,305,1204,1153,0.264527320034692,105,1204,1235,100,884,6,3,2,178,62,1235,47,826,274,5,3,2,30,48,71.5789473684211,0.48582995951417,0.242914979757085,0.161943319838057,14.412955465587,5.02024291497976,22.1862348178138,8.09716599190283,93.7651821862348,Y,31.3084112149533,20.7165109034268,9.96884735202492,10.9034267912773,N,N,N
105,105,105,83,11,72,147,32,60,44,24,1,474,526,250,1205,687,0.363901018922853,106,1205,860,48,684,10,2,0,86,30,860,15,655,151,6,1,0,12,20,79.5348837209302,1.16279069767442,0.232558139534884,0,10,3.48837209302326,17.5581395348837,5.58139534883721,97.0930232558139,Y,31.0126582278481,17.5105485232068,15.1898734177215,9.28270042194093,N,N,N
106,106,106,120,9,95,187,37,82,73,31,2,636,584,305,1206,910,0.335164835164835,107,1206,858,41,693,6,9,0,65,44,858,21,659,134,5,9,0,10,20,80.7692307692308,0.699300699300699,1.04895104895105,0,7.57575757575758,5.12820512820513,15.6177156177156,4.77855477855478,96.3869463869464,Y,29.4025157232704,18.8679245283019,14.937106918239,11.4779874213837,N,N,N
107,107,107,234,35,164,368,86,153,122,76,5,1243,1305,637,1207,2503,0.254494606472233,108,1207,3079,386,2016,22,19,0,507,129,3079,186,1876,914,15,18,0,12,58,65.4758038324131,0.714517700552127,0.617083468658655,0,16.4663851899967,4.18967197141929,29.6849626502111,12.5365378369601,95.1607664826242,Y,29.6057924376509,18.8254223652454,13.1938857602574,9.81496379726468,N,N,N
108,108,108,81,4,34,127,22,49,39,18,2,376,396,193,1208,805,0.239751552795031,109,1208,950,82,668,8,3,0,146,43,950,33,630,244,8,3,0,10,22,70.3157894736842,0.842105263157895,0.315789473684211,0,15.3684210526316,4.52631578947368,25.6842105263158,8.63157894736842,96,Y,33.7765957446808,21.5425531914894,9.04255319148936,10.3723404255319,N,N,N
109,109,109,117,11,78,209,39,78,83,23,4,642,574,304,1209,1003,0.30309072781655,110,1209,1116,95,802,7,15,1,134,62,1116,23,764,268,4,15,1,9,32,71.8637992831541,0.627240143369176,1.34408602150538,0.0896057347670251,12.0071684587814,5.55555555555556,24.0143369175627,8.51254480286738,95.8781362007168,Y,32.5545171339564,18.2242990654206,12.1495327102804,12.9283489096573,N,N,N
110,110,110,137,23,104,195,84,127,82,35,9,796,792,397,1301,1513,0.262392597488434,111,1301,1573,134,955,11,12,0,345,116,1573,41,851,458,8,11,0,130,74,60.7120152574698,0.699300699300699,0.762873490146217,0,21.9326128417038,7.3744437380801,29.1163382072473,8.51875397329943,89.8283534647171,Y,24.4974874371859,17.2110552763819,13.0653266331658,10.3015075376884,N,N,N
111,111,111,57,4,41,82,20,41,32,16,0,293,227,130,1302,607,0.214168039538715,112,1302,673,82,389,19,10,1,114,58,673,14,351,232,2,8,0,28,38,57.8008915304606,2.82317979197623,1.48588410104012,0.148588410104012,16.9390787518574,8.61812778603269,34.4725111441308,12.184249628529,92.2734026745914,Y,27.9863481228669,19.4539249146758,13.9931740614335,10.9215017064846,N,N,N
112,112,112,106,17,108,100,35,40,76,18,2,502,482,246,1303,1282,0.19188767550702,113,1303,3145,1502,573,16,681,5,279,89,3145,1293,515,547,7,681,5,41,56,18.2193958664547,0.508744038155803,21.6534181240064,0.158982511923688,8.87122416534181,2.82988871224165,17.3926868044515,47.758346581876,35.6120826709062,N,19.9203187250996,21.1155378486056,21.5139442231076,15.1394422310757,N,Y,N
113,113,113,91,10,73,127,72,66,68,32,1,540,420,240,1304,1078,0.222634508348794,114,1304,1261,188,717,8,10,0,238,100,1261,82,668,370,5,10,0,62,64,56.8596352101507,0.63441712926249,0.793021411578113,0,18.8739095955591,7.93021411578112,29.3417922283902,14.9088025376685,86.2014274385408,Y,23.5185185185185,16.8518518518519,13.5185185185185,12.5925925925926,N,N,N
114,114,114,106,8,86,126,66,47,96,26,3,564,500,266,1305,1020,0.26078431372549,115,1305,1352,334,529,5,11,2,346,125,1352,263,483,284,1,11,2,206,102,39.1272189349112,0.369822485207101,0.813609467455621,0.14792899408284,25.5917159763314,9.24556213017751,21.0059171597633,24.7041420118343,60.1331360946745,Y,22.3404255319149,18.7943262411348,15.2482269503546,17.0212765957447,N,N,N
115,115,115,201,27,168,198,80,62,196,26,6,964,668,408,1306,1356,0.300884955752212,116,1306,1615,587,458,7,125,3,334,101,1615,517,420,272,4,125,3,196,78,28.359133126935,0.43343653250774,7.73993808049536,0.185758513931888,20.6811145510836,6.25386996904025,16.8421052631579,36.3467492260062,45.2012383900929,N,20.5394190871369,20.850622406639,17.4273858921162,20.3319502074689,N,Y,N
116,116,116,265,23,240,218,46,69,290,35,8,1194,706,475,1307,1461,0.325119780971937,117,1307,1775,1010,199,1,431,0,79,55,1775,956,189,131,1,431,0,19,48,11.2112676056338,0.0563380281690141,24.2816901408451,0,4.45070422535211,3.09859154929577,7.38028169014085,56.9014084507042,18.5915492957747,N,18.2579564489112,22.1943048576214,20.1005025125628,24.2881072026801,N,Y,N
117,117,117,210,20,184,175,42,48,239,24,5,947,581,382,1308,1309,0.291825821237586,118,1308,1511,770,187,3,368,4,113,66,1511,719,172,146,3,366,0,49,56,12.3759099933819,0.198544010589014,24.3547319655857,0.264725347452018,7.47849106551952,4.36796823295831,9.66247518199868,50.9596293845136,22.0383851753806,N,18.4794086589229,22.1752903907075,19.4297782470961,25.2375923970433,N,Y,N
118,118,118,236,27,179,200,48,67,227,31,3,1018,594,403,1309,1323,0.304610733182162,119,1309,1683,742,249,7,429,5,185,66,1683,692,228,170,6,428,0,103,56,14.795008912656,0.41592394533571,25.4901960784314,0.29708853238265,10.992275698158,3.92156862745098,10.1010101010101,44.0879382055853,24.8960190136661,N,19.6463654223969,23.1827111984283,17.5834970530452,22.2986247544204,N,Y,N
119,119,119,443,52,399,393,58,87,513,46,8,1999,1077,769,1310,1643,0.468046256847231,120,1310,1946,1510,122,0,218,2,46,48,1946,1466,116,95,0,218,2,10,39,6.26927029804728,0,11.20246659815,0.102774922918808,2.36382322713258,2.46659815005139,4.88180883864337,77.5950668036999,11.1510791366906,N,19.6598299149575,22.1610805402701,19.959979989995,25.6628314157078,N,Y,N
120,120,120,172,16,128,243,105,86,121,61,5,937,859,449,1401,2544,0.176493710691824,121,1401,2866,279,1824,19,37,5,557,145,2866,48,1688,920,9,35,1,93,72,63.6427076064201,0.662944870900209,1.29099790648988,0.174459176552687,19.4347522679693,5.05931612002791,32.1004884856943,9.73482205163992,95.7431960921144,Y,25.9338313767343,18.3564567769477,13.6606189967983,12.9135538954109,N,N,N
121,121,121,198,18,182,390,87,139,105,64,17,1200,1168,592,1402,2539,0.233162662465538,122,1402,2695,142,2164,17,10,0,235,127,2695,42,2041,450,11,10,0,62,79,80.2968460111317,0.630797773654917,0.371057513914657,0,8.71985157699443,4.71243042671614,16.6975881261596,5.26901669758813,96.9944341372913,Y,32.5,16.5,15.1666666666667,8.75,N,N,N
122,122,122,118,11,91,162,62,66,86,47,3,646,474,280,1403,1270,0.220472440944882,123,1403,1549,75,1077,23,18,1,277,78,1549,20,987,459,17,18,1,11,36,69.5287282117495,1.48482892188509,1.16204002582311,0.0645577792123951,17.8825048418334,5.03550677856682,29.6320206584893,4.84183344092963,99.1607488702389,Y,25.077399380805,18.266253869969,14.0866873065016,13.312693498452,N,N,N
123,123,123,102,7,89,178,75,52,85,45,2,635,561,299,1404,1523,0.196323046618516,124,1404,1654,124,1230,10,15,0,203,72,1654,49,1146,353,8,15,0,39,44,74.3651753325272,0.60459492140266,0.90689238210399,0,12.273276904474,4.35308343409915,21.3422007255139,7.49697702539299,95.7073760580411,Y,28.0314960629921,16.0629921259842,14.0157480314961,13.3858267716535,N,N,N
124,124,124,113,12,102,171,17,48,54,24,5,546,418,241,1405,1074,0.2243947858473,125,1405,1439,36,1278,5,11,1,70,38,1439,9,1231,155,2,11,1,2,28,88.8116747741487,0.347463516330785,0.764419735927728,0.0694927032661571,4.86448922863099,2.64072272411397,10.7713690062543,2.50173731758165,99.583043780403,Y,31.3186813186813,20.6959706959707,18.6813186813187,9.89010989010989,N,N,N
125,125,125,119,19,94,176,35,65,65,40,4,617,471,272,1406,1069,0.25444340505145,126,1406,1174,75,947,4,6,1,89,52,1174,41,878,211,2,6,0,11,25,80.664395229983,0.340715502555366,0.511073253833049,0.0851788756388416,7.5809199318569,4.42930153321976,17.9727427597956,6.38841567291312,98.6371379897785,Y,28.5251215559157,19.2868719611021,15.2350081037277,10.5348460291734,N,N,N
126,126,126,90,11,75,151,30,59,53,28,2,499,441,235,1407,1166,0.201543739279588,127,1407,1388,94,1085,7,10,0,126,66,1388,20,1016,286,7,7,0,11,41,78.1700288184438,0.504322766570605,0.720461095100865,0,9.07780979827089,4.75504322766571,20.6051873198847,6.77233429394813,98.7752161383285,Y,30.2605210420842,18.0360721442886,15.0300601202405,10.6212424849699,N,N,N
127,127,127,127,9,104,222,35,67,74,40,6,684,640,331,1408,1142,0.28984238178634,128,1408,1494,147,1206,2,12,1,84,42,1494,93,1162,190,2,11,0,5,31,80.7228915662651,0.133868808567604,0.803212851405622,0.0669344042838019,5.62248995983936,2.81124497991968,12.7175368139224,9.83935742971888,93.4404283801874,Y,32.4561403508772,18.5672514619883,15.2046783625731,10.8187134502924,N,N,N
128,128,128,61,5,59,136,18,34,43,41,1,398,510,227,1409,1283,0.17692907248636,129,1409,1384,102,931,12,17,0,242,80,1384,13,844,459,5,17,0,19,27,67.2687861271676,0.867052023121387,1.22832369942197,0,17.485549132948,5.78034682080925,33.1647398843931,7.36994219653179,100.433526011561,Y,34.1708542713568,15.3266331658292,14.8241206030151,10.8040201005025,N,N,N
129,129,129,116,7,104,195,35,74,70,45,2,648,624,318,1410,1319,0.24109173616376,130,1410,1937,205,1254,12,17,3,350,96,1937,26,1131,661,9,16,3,36,55,64.7392875580795,0.619514713474445,0.877645844088797,0.154878678368611,18.0691791430047,4.95611770779556,34.1249354672173,10.5833763551884,98.8642230252969,Y,30.0925925925926,17.9012345679012,16.0493827160494,10.8024691358025,N,N,N
130,130,130,128,13,111,193,53,81,93,58,0,730,322,263,1411,1158,0.227115716753022,131,1411,1307,42,1065,3,10,0,121,66,1307,20,992,224,2,10,0,20,39,81.4843152257077,0.229533282325937,0.765110941086458,0,9.25784238714614,5.04973221117062,17.1384850803367,3.21346595256312,98.6228003060444,Y,26.4383561643836,17.5342465753425,15.2054794520548,12.7397260273973,N,N,N
131,131,131,100,6,83,134,23,58,65,35,0,504,268,193,1412,724,0.266574585635359,132,1412,809,28,680,1,9,0,74,17,809,3,646,121,1,9,0,25,4,84.0543881334982,0.123609394313968,1.11248454882571,0,9.14709517923362,2.10135970333745,14.9567367119901,3.4610630407911,99.0111248454883,Y,26.5873015873016,19.8412698412698,16.468253968254,12.8968253968254,N,N,N
132,132,132,110,14,106,168,31,65,76,32,0,602,550,288,1413,1098,0.262295081967213,133,1413,1206,38,1024,6,11,0,73,54,1206,18,973,149,1,11,0,17,37,84.9087893864013,0.497512437810945,0.912106135986733,0,6.0530679933665,4.47761194029851,12.3548922056385,3.15091210613599,97.2636815920398,Y,27.906976744186,18.2724252491694,17.6079734219269,12.624584717608,N,N,N
133,133,133,133,11,101,187,34,64,68,39,1,638,614,313,1414,1226,0.255301794453507,134,1414,1350,10,1203,3,5,0,86,43,1350,5,1127,179,2,5,0,3,29,89.1111111111111,0.222222222222222,0.37037037037037,0,6.37037037037037,3.18518518518519,13.2592592592593,0.740740740740741,102.37037037037,Y,29.3103448275862,20.846394984326,15.8307210031348,10.6583072100313,N,N,N
134,134,134,104,7,73,145,93,67,76,37,4,606,518,281,1501,1585,0.177287066246057,135,1501,1938,266,969,9,44,0,507,143,1938,130,874,554,7,44,0,223,106,50,0.464396284829721,2.27038183694531,0,26.1609907120743,7.37874097007224,28.5861713106295,13.7254901960784,78.5861713106295,Y,23.9273927392739,17.1617161716172,12.046204620462,12.5412541254125,N,N,N
135,135,135,60,8,69,107,30,43,52,17,3,389,391,195,1502,1083,0.18005540166205,136,1502,1270,74,787,5,8,0,297,99,1270,34,749,206,3,8,0,176,94,61.9685039370079,0.393700787401575,0.62992125984252,0,23.3858267716535,7.79527559055118,16.2204724409449,5.82677165354331,78.1889763779528,Y,27.5064267352185,15.4241645244216,17.7377892030848,13.3676092544987,N,N,N
136,136,136,53,3,46,65,30,24,46,9,4,280,204,121,1503,726,0.166666666666667,137,1503,875,75,418,3,31,0,260,88,875,56,383,164,3,28,0,163,78,47.7714285714286,0.342857142857143,3.54285714285714,0,29.7142857142857,10.0571428571429,18.7428571428571,8.57142857142857,66.5142857142857,Y,23.2142857142857,18.9285714285714,16.4285714285714,16.4285714285714,N,N,N
137,137,137,147,13,119,181,91,80,111,37,3,782,818,400,1504,1980,0.202020202020202,138,1504,2477,366,912,2,389,1,562,245,2477,262,855,397,2,389,0,366,206,36.818732337505,0.080742834073476,15.7044812272911,0.040371417036738,22.6887363746468,9.89099717400081,16.027452563585,14.7759386354461,52.84618490109,Y,23.1457800511509,18.7979539641944,15.2173913043478,14.1943734015345,N,N,N
138,138,138,102,10,104,166,87,41,79,21,4,614,550,291,1505,1329,0.218961625282167,139,1505,1661,214,964,13,92,0,261,117,1661,72,878,422,7,92,0,115,75,58.0373269114991,0.78266104756171,5.53883202889825,0,15.7134256472005,7.04394942805539,25.4063816977724,12.8838049367851,83.4437086092715,Y,27.0358306188925,16.6123778501629,16.9381107491857,12.8664495114006,N,N,N
139,139,139,95,12,122,91,18,41,101,24,1,505,495,250,1506,780,0.32051282051282,140,1506,1038,329,154,1,459,0,57,38,1038,313,144,75,1,459,0,11,35,14.8362235067437,0.0963391136801541,44.2196531791908,0,5.49132947976879,3.66088631984586,7.22543352601156,31.6955684007707,22.0616570327553,N,18.019801980198,18.8118811881188,24.1584158415842,20,N,N,Y
140,140,140,115,15,89,135,80,60,90,27,1,612,436,262,1507,1082,0.242144177449168,141,1507,1305,165,660,3,22,0,329,126,1305,126,608,222,1,21,0,228,99,50.5747126436782,0.229885057471264,1.68582375478927,0,25.2107279693487,9.6551724137931,17.0114942528736,12.6436781609195,67.5862068965517,Y,22.0588235294118,18.7908496732026,14.5424836601307,14.7058823529412,N,N,N
141,141,141,136,17,122,122,59,65,73,45,1,640,356,249,1508,978,0.254601226993865,142,1508,1319,208,562,6,302,2,169,70,1319,133,531,236,6,300,2,56,55,42.6080363912055,0.45489006823351,22.89613343442,0.151630022744503,12.8127369219105,5.30705079605762,17.8923426838514,15.7695223654283,60.5003790750569,Y,19.0625,21.25,19.0625,11.40625,N,N,N
142,142,142,148,27,113,132,57,71,92,39,6,685,379,266,1509,1032,0.257751937984496,143,1509,1362,266,472,5,353,1,200,65,1362,239,457,181,3,351,0,90,41,34.654919236417,0.367107195301028,25.9177679882526,0.0734214390602056,14.6842878120411,4.77239353891336,13.2892804698972,19.5301027900147,47.9441997063142,Y,19.2700729927007,21.6058394160584,16.4963503649635,13.4306569343066,N,N,N
143,143,143,160,14,144,150,30,39,114,28,2,681,479,290,1601,1142,0.253940455341506,144,1601,1581,388,444,5,566,0,125,53,1581,327,419,192,4,561,0,35,43,28.0834914611006,0.316255534471853,35.8001265022138,0,7.90638836179633,3.35230866540165,12.1442125237192,24.5414294750158,40.2277039848197,N,22.0264317180617,23.4948604992658,21.1453744493392,16.7400881057269,N,N,Y
144,144,144,142,23,175,137,28,38,151,14,9,717,495,303,1602,872,0.347477064220183,145,1602,961,580,123,2,187,0,49,20,961,546,115,76,1,187,0,24,12,12.7991675338189,0.208116545265349,19.4588969823101,0,5.09885535900104,2.08116545265349,7.90842872008325,60.3537981269511,20.7075962539022,N,19.1073919107392,19.8047419804742,24.4072524407252,21.0599721059972,N,Y,N
145,145,145,183,22,181,231,53,69,166,32,2,939,613,388,1603,1462,0.265389876880985,146,1603,1745,341,736,5,475,0,109,79,1745,313,709,122,2,475,0,58,66,42.1776504297994,0.286532951289398,27.2206303724928,0,6.24641833810888,4.52722063037249,6.99140401146132,19.541547277937,49.1690544412607,Y,24.6006389776358,19.4888178913738,19.2758253461129,17.678381256656,N,N,N
146,146,146,185,19,167,202,43,61,155,33,2,867,581,362,1604,1293,0.279969064191802,147,1604,2177,685,688,9,481,0,211,103,2177,624,657,210,5,477,0,120,84,31.6031235645384,0.41341295360588,22.0946256316031,0,9.69223702342673,4.73128158015618,9.64630225080386,31.4653192466697,41.2494258153422,Y,23.2987312572088,21.3379469434833,19.2618223760092,17.8777393310265,N,N,N
147,147,147,212,14,241,227,32,52,213,15,4,1010,658,417,1605,1408,0.296164772727273,148,1605,1213,723,186,4,178,0,85,37,1213,688,167,126,2,178,0,24,28,15.3338829348722,0.329760923330585,14.6743610882111,0,7.00741962077494,3.05028854080792,10.3874690849134,59.6042868920033,25.7213520197857,N,22.4752475247525,20.990099009901,23.8613861386139,21.0891089108911,N,Y,N
148,148,148,295,25,229,321,57,86,245,45,5,1308,796,526,1606,1827,0.287903667214012,149,1606,2277,580,881,4,577,1,146,88,2277,502,816,260,3,577,1,57,61,38.6912604303909,0.175669740887132,25.3403601229688,0.043917435221783,6.41194554238032,3.86473429951691,11.4185331576636,25.4721124286342,50.1097935880545,Y,24.5412844036697,22.5535168195719,17.5076452599388,18.7308868501529,N,N,N
149,149,149,268,44,381,252,37,57,319,26,10,1394,830,556,1607,1239,0.448748991121872,150,1607,1361,1032,184,3,93,2,36,11,1361,1006,170,61,2,91,2,19,10,13.5194709772226,0.220426157237326,6.83321087435709,0.14695077149155,2.64511388684791,0.808229243203527,4.48199853049228,75.82659808964,18.0014695077149,N,18.077474892396,19.2252510760402,27.3314203730273,22.883787661406,N,Y,N
150,150,150,338,27,356,352,45,76,370,34,5,1603,781,596,1608,1409,0.422995031937544,151,1608,1548,922,358,7,162,0,42,57,1548,901,331,93,7,161,0,10,45,23.1266149870801,0.452196382428941,10.4651162790698,0,2.71317829457364,3.68217054263566,6.0077519379845,59.5607235142119,29.1343669250646,N,21.9588271990019,21.085464753587,22.2083593262633,23.0817217716781,N,Y,N
151,151,151,267,22,489,279,23,45,396,26,2,1549,1131,670,1609,1498,0.447263017356475,152,1609,1655,1514,55,3,51,0,15,17,1655,1490,54,45,0,51,0,2,13,3.32326283987915,0.181268882175227,3.08157099697885,0,0.906344410876133,1.02719033232628,2.7190332326284,91.4803625377643,6.04229607250755,N,18.0116204002582,17.2369270497095,31.5687540348612,25.5648805681085,N,Y,N
152,152,152,222,18,313,208,15,40,267,21,3,1107,661,442,1610,1341,0.329604772557793,153,1610,1559,1191,184,1,116,2,32,33,1559,1158,174,70,1,116,1,10,29,11.8024374599102,0.064143681847338,7.44066709429121,0.128287363694676,2.05259781911482,2.11674150096216,4.49005772931366,76.3951250801796,16.2924951892239,N,18.7895212285456,20.0542005420054,28.2746160794941,24.1192411924119,N,Y,N
153,153,153,333,27,406,320,33,62,350,33,11,1575,837,603,1611,1466,0.411323328785812,154,1611,1575,1084,283,5,140,0,33,30,1575,1049,272,78,5,135,0,14,22,17.968253968254,0.317460317460317,8.88888888888889,0,2.09523809523809,1.90476190476191,4.95238095238095,68.8253968253968,22.9206349206349,N,20.3174603174603,21.1428571428571,25.7777777777778,22.2222222222222,N,Y,N
154,154,154,326,18,566,260,18,46,424,23,2,1683,1109,698,1612,1192,0.585570469798658,155,1612,1289,1208,46,4,16,0,9,6,1289,1197,45,15,4,16,0,6,6,3.56865787432118,0.310318076027929,1.24127230411171,0,0.698215671062839,0.465477114041893,1.16369278510473,93.7160589604345,4.73235065942591,N,15.4486036838978,19.3701723113488,33.630421865716,25.1931075460487,N,Y,N
155,155,155,99,14,69,186,24,61,80,20,4,557,507,266,1701,1209,0.220016542597188,156,1701,1313,132,961,16,4,0,132,68,1313,44,927,243,4,4,0,32,59,73.1911652703732,1.21858339680122,0.304645849200305,0,10.0533130236101,5.17897943640518,18.5072353389185,10.0533130236101,91.6984006092917,Y,33.3931777378815,17.7737881508079,12.3877917414722,14.3626570915619,N,N,N
156,156,156,94,8,70,131,49,46,69,13,1,481,355,209,1702,826,0.253026634382567,157,1702,983,85,617,6,93,2,124,56,983,55,563,176,1,91,0,51,46,62.7670396744659,0.610376398779247,9.46083418107833,0.203458799593082,12.6144455747711,5.69684638860631,17.9043743641912,8.646998982706,80.6714140386572,Y,27.2349272349272,19.5426195426195,14.5530145530146,14.3451143451144,N,N,N
157,157,157,251,23,198,379,73,110,200,46,7,1287,865,538,1703,1821,0.295442064799561,158,1703,1996,338,1383,2,40,3,151,79,1996,267,1330,273,1,40,0,35,50,69.2885771543086,0.100200400801603,2.00400801603206,0.150300601202405,7.56513026052104,3.95791583166333,13.6773547094188,16.9338677354709,82.9659318637274,Y,29.4483294483294,19.5027195027195,15.3846153846154,15.5400155400155,N,N,N
158,158,158,316,26,251,439,52,112,249,38,2,1485,1063,637,1704,1827,0.348659003831418,159,1704,2105,514,1236,10,160,0,102,83,2105,492,1190,145,10,158,0,45,65,58.7173396674584,0.475059382422803,7.60095011876485,0,4.84560570071259,3.94299287410926,6.88836104513064,24.4180522565321,65.6057007125891,Y,29.5622895622896,21.2794612794613,16.9023569023569,16.7676767676768,N,N,N
159,159,159,61,6,57,115,16,47,50,20,4,376,408,196,1705,877,0.223489167616876,160,1705,981,48,777,9,17,1,86,43,981,20,718,189,3,17,1,6,27,79.2048929663608,0.917431192660551,1.7329255861366,0.101936799184506,8.76656472986748,4.38328236493374,19.2660550458716,4.89296636085627,98.4709480122324,Y,30.5851063829787,16.2234042553191,15.1595744680851,13.2978723404255,N,N,N
160,160,160,196,16,138,266,45,70,171,34,5,941,595,384,1706,1336,0.287425149700599,161,1706,1526,386,790,10,130,1,137,72,1526,329,745,220,8,130,0,36,58,51.7693315858453,0.655307994757536,8.51900393184797,0.0655307994757536,8.97771952817824,4.71821756225426,14.4167758846658,25.2948885976409,66.1861074705111,Y,28.2678002125398,20.8289054197662,14.6652497343252,18.1721572794899,N,N,N
161,161,161,66,5,60,128,23,50,47,34,6,419,329,187,1707,728,0.256868131868132,162,1707,803,44,684,4,10,0,28,33,803,40,660,59,3,10,0,12,19,85.1805728518057,0.49813200498132,1.2453300124533,0,3.48692403486924,4.10958904109589,7.34744707347447,5.47945205479452,92.5280199252802,Y,30.5489260143198,15.7517899761337,14.3198090692124,11.2171837708831,N,N,N
162,162,162,148,5,137,243,45,87,115,38,0,818,494,328,1708,1210,0.271074380165289,163,1708,1261,100,1002,9,10,0,91,49,1261,59,958,191,2,10,0,14,27,79.4607454401269,0.713719270420301,0.793021411578113,0,7.21649484536082,3.88580491673275,15.146708961142,7.93021411578112,94.6074544012688,Y,29.7066014669927,18.0929095354523,16.7481662591687,14.0586797066015,N,N,N
163,163,163,224,15,126,246,40,60,178,19,1,909,471,345,1709,904,0.381637168141593,164,1709,1032,430,463,3,55,0,49,32,1032,387,444,97,3,55,0,18,28,44.8643410852713,0.290697674418605,5.32945736434108,0,4.74806201550388,3.10077519379845,9.39922480620155,41.6666666666667,54.2635658914729,Y,27.0627062706271,24.6424642464246,13.8613861386139,19.5819581958196,N,N,N
164,164,164,173,16,159,292,50,89,127,41,3,950,778,432,1710,1672,0.258373205741627,165,1710,1842,111,1537,5,13,0,116,60,1842,68,1471,197,4,13,0,37,52,83.4419109663409,0.271444082519001,0.705754614549403,0,6.29750271444083,3.25732899022801,10.6948968512486,6.02605863192182,94.1368078175896,Y,30.7368421052632,18.2105263157895,16.7368421052632,13.3684210526316,N,N,N
165,165,165,88,9,55,132,22,34,69,12,0,421,263,171,1711,633,0.270142180094787,166,1711,708,103,486,1,41,0,54,23,708,86,468,66,1,41,0,31,15,68.6440677966102,0.141242937853107,5.7909604519774,0,7.6271186440678,3.24858757062147,9.32203389830508,14.5480225988701,77.9661016949152,Y,31.353919239905,20.9026128266033,13.0641330166271,16.3895486935867,N,N,N
166,166,166,158,8,123,212,34,84,98,20,4,741,555,324,1712,929,0.348762109795479,167,1712,1011,132,750,2,45,0,45,37,1011,120,729,76,2,42,0,16,26,74.1839762611276,0.19782393669634,4.45103857566766,0,4.45103857566766,3.65974282888229,7.51730959446093,13.0563798219585,81.7012858555885,Y,28.6099865047233,21.3225371120108,16.5991902834008,13.225371120108,N,N,N
167,167,167,298,24,286,309,48,90,257,34,6,1352,720,518,1713,1251,0.414068745003997,168,1713,1535,840,458,2,121,0,52,62,1535,812,440,96,2,120,0,14,51,29.8371335504886,0.13029315960912,7.88273615635179,0,3.38762214983713,4.03908794788274,6.25407166123779,54.7231270358306,36.0912052117264,N,22.8550295857988,22.0414201183432,21.1538461538461,19.008875739645,N,Y,N
168,168,168,301,26,239,334,55,113,246,35,6,1355,577,483,1714,1300,0.371538461538461,169,1714,1412,429,821,0,70,3,45,44,1412,397,792,106,0,70,0,17,30,58.1444759206799,0,4.95750708215297,0.212464589235128,3.18696883852691,3.11614730878187,7.5070821529745,30.3824362606232,65.6515580736544,Y,24.6494464944649,22.2140221402214,17.6383763837638,18.1549815498155,N,N,N
169,169,169,266,29,228,408,87,118,167,65,4,1372,1072,611,1801,2168,0.281826568265683,170,1801,2382,221,1849,20,28,0,174,90,2382,166,1748,358,9,28,0,22,51,77.6238455079765,0.839630562552477,1.17548278757347,0,7.30478589420655,3.77833753148615,15.0293870696893,9.27791771620487,92.6532325776658,Y,29.7376093294461,19.3877551020408,16.6180758017493,12.1720116618076,N,N,N
170,170,170,175,7,153,238,50,77,91,62,1,854,674,382,1802,1456,0.262362637362637,171,1802,1772,46,1598,8,17,1,51,51,1772,22,1544,131,4,16,0,12,43,90.1805869074492,0.451467268623025,0.959367945823928,0.0564334085778781,2.87810383747178,2.87810383747178,7.39277652370203,2.59593679458239,97.5733634311513,Y,27.8688524590164,20.4918032786885,17.9156908665105,10.655737704918,N,N,N
171,171,171,209,10,159,329,59,130,119,63,0,1078,866,486,1803,1721,0.282393957001743,172,1803,2048,98,1776,19,18,2,68,67,2048,51,1727,178,15,17,2,7,51,86.71875,0.927734375,0.87890625,0.09765625,3.3203125,3.271484375,8.69140625,4.78515625,95.41015625,Y,30.5194805194805,19.3877551020408,14.7495361781076,11.038961038961,N,N,N
172,172,172,179,11,150,288,34,80,116,33,3,894,886,445,1804,1753,0.253850541928123,173,1804,2024,96,1764,5,9,0,95,55,2024,70,1711,168,5,9,0,21,40,87.1541501976285,0.24703557312253,0.444664031620553,0,4.69367588932806,2.71739130434783,8.300395256917,4.74308300395257,95.4545454545455,Y,32.2147651006711,20.0223713646532,16.7785234899329,12.9753914988814,N,N,N
173,173,173,251,21,203,310,69,102,115,54,3,1128,1052,545,1805,1728,0.315393518518518,174,1805,1923,104,1681,24,4,0,56,54,1923,82,1630,147,10,4,0,13,37,87.4154966198648,1.24804992199688,0.208008320332813,0,2.91211648465939,2.80811232449298,7.64430577223089,5.40821632865315,95.0598023920957,Y,27.4822695035461,22.2517730496454,17.9964539007092,10.1950354609929,N,N,N
174,174,174,319,22,228,371,75,150,191,90,3,1449,947,599,1806,1935,0.309560723514212,175,1806,1999,171,1672,8,13,0,69,66,1999,110,1632,184,7,13,0,6,47,83.6418209104552,0.400200100050025,0.650325162581291,0,3.45172586293147,3.30165082541271,9.20460230115058,8.55427713856928,92.8464232116058,Y,25.6038647342995,22.0151828847481,15.7349896480331,13.1815044858523,N,N,N
175,175,175,283,22,180,251,62,68,161,57,3,1087,717,451,1807,1494,0.301874163319946,176,1807,1688,621,653,18,62,0,277,57,1688,410,584,587,8,59,0,17,23,38.6848341232227,1.06635071090047,3.67298578199052,0,16.4099526066351,3.37677725118483,34.7748815165877,36.7890995260664,73.4597156398104,Y,23.0910763569457,26.0349586016559,16.5593376264949,14.8114075436982,N,N,N
176,176,176,392,30,297,364,79,136,257,83,5,1643,1125,692,1808,2617,0.264424914023691,177,1808,3041,859,1642,15,58,2,356,109,3041,566,1548,791,5,57,2,16,56,53.9953962512332,0.493258796448537,1.90726734626768,0.0657678395264716,11.7066754357119,3.5843472541927,26.0111805327195,28.2472870766195,80.0065767839527,Y,22.1545952525867,23.8587948874011,18.0766889835667,15.642118076689,N,N,N
177,177,177,376,38,233,296,49,63,211,56,3,1325,671,499,1809,1472,0.338994565217391,178,1809,1606,960,372,7,41,1,160,65,1606,847,345,318,6,40,1,18,31,23.1631382316314,0.435865504358655,2.55292652552926,0.062266500622665,9.9626400996264,4.04732254047323,19.8007471980075,59.7758405977584,42.9638854296389,N,22.3396226415094,28.377358490566,17.5849056603774,15.9245283018868,N,Y,N
178,178,178,619,50,334,402,78,105,338,66,8,2000,1004,751,1810,2081,0.360884190293128,179,1810,2337,1576,371,13,89,0,212,76,2337,1364,351,470,5,87,0,25,35,15.875053487377,0.556268720581943,3.80830124090715,0,9.07145913564399,3.2520325203252,20.1112537441164,67.4368848951647,35.9863072314934,N,20.1,30.95,16.7,16.9,N,Y,N
179,179,179,214,34,147,176,54,66,123,46,1,861,539,350,1811,1418,0.246826516220028,180,1811,1410,415,707,9,29,0,194,56,1410,298,664,390,4,28,0,7,19,50.1418439716312,0.638297872340425,2.05673758865248,0,13.758865248227,3.97163120567376,27.6595744680851,29.4326241134752,77.8014184397163,Y,20.4413472706156,24.8548199767712,17.0731707317073,14.2857142857143,N,N,N
180,180,180,298,17,248,240,71,53,175,45,10,1157,763,480,1812,1530,0.313725490196078,181,1812,1777,951,600,11,40,1,114,60,1777,803,561,342,8,38,1,3,21,33.7647720877884,0.619020821609454,2.25098480585256,0.056274620146314,6.4153066966798,3.37647720877884,19.2459200900394,53.5171637591446,53.0106921778278,N,20.7433016421781,25.7562662057044,21.4347450302506,15.1253241140882,N,Y,N
181,181,181,142,7,103,138,43,33,76,27,1,570,430,250,1813,916,0.27292576419214,182,1813,1147,381,578,3,33,0,116,36,1147,286,546,246,2,33,0,13,21,50.3923278116826,0.2615518744551,2.8770706190061,0,10.1133391455972,3.1386224934612,21.4472537053182,33.2170880557977,71.8395815170009,Y,24.2105263157895,24.9122807017544,18.0701754385965,13.3333333333333,N,N,N
182,182,182,140,9,110,136,41,32,98,29,3,598,450,262,1814,1040,0.251923076923077,183,1814,1284,345,692,5,23,0,169,50,1284,222,647,349,2,20,0,17,27,53.8940809968847,0.389408099688474,1.79127725856698,0,13.1619937694704,3.89408099688473,27.1806853582554,26.8691588785047,81.0747663551402,Y,22.742474916388,23.4113712374582,18.3946488294314,16.3879598662207,N,N,N
183,183,183,213,14,142,218,52,70,158,40,3,910,742,413,1815,1460,0.282876712328767,184,1815,1723,301,1195,6,20,0,151,50,1723,215,1131,330,5,20,0,4,18,69.3557748113755,0.348229831688915,1.16076610562972,0,8.76378409750435,2.90191526407429,19.1526407428903,17.4695298897272,88.5084155542658,Y,23.956043956044,23.4065934065934,15.6043956043956,17.3626373626374,N,N,N
184,184,184,454,46,417,336,67,94,322,44,13,1793,907,675,1816,1636,0.412591687041565,185,1816,1733,1194,380,8,39,5,73,34,1733,1118,355,191,2,38,0,7,22,21.9272937103289,0.461627236006924,2.25043277553376,0.288517022504328,4.21234852856319,1.96191575302943,11.0213502596653,68.8978649740335,32.9486439699942,N,18.739542665923,25.3206915783603,23.2571109871723,17.9587283881762,N,Y,N
185,185,185,289,19,294,238,62,74,158,55,7,1196,844,510,1817,1565,0.325878594249201,186,1817,1650,689,665,10,44,1,171,70,1650,576,616,374,4,44,1,7,28,40.3030303030303,0.606060606060606,2.66666666666667,0.0606060606060606,10.3636363636364,4.24242424242424,22.6666666666667,41.7575757575758,62.9696969696969,N,19.8996655518395,24.1638795986622,24.5819397993311,13.2107023411371,N,Y,N
186,186,186,338,32,312,299,78,66,179,45,2,1351,1129,620,1818,1977,0.313606474456247,187,1818,2356,1007,985,6,17,4,253,84,2356,827,913,537,4,17,0,16,42,41.8081494057725,0.254668930390492,0.721561969439728,0.169779286926995,10.7385398981324,3.56536502546689,22.7928692699491,42.741935483871,64.6010186757216,N,22.1317542561066,25.0185048112509,23.0940044411547,13.2494448556625,N,Y,N
187,187,187,452,30,369,377,115,96,226,68,9,1742,1174,729,1819,2526,0.288598574821853,188,1819,2594,1046,1180,8,70,3,199,88,2594,864,1125,467,3,68,0,17,50,45.4895913646877,0.30840400925212,2.69853508095605,0.115651503469545,7.67154973014649,3.39244410177332,18.0030840400925,40.3238242097147,63.4926754047803,Y,21.6417910447761,25.947187141217,21.1825487944891,12.9735935706085,N,N,N
188,188,188,463,37,500,344,71,68,356,49,5,1893,1171,766,1820,2037,0.376043200785469,189,1820,2279,1486,518,5,42,1,169,58,2279,1417,490,254,4,42,1,38,33,22.729267222466,0.219394471259324,1.84291355857832,0.0438788942518649,7.41553312856516,2.54497586660816,11.1452391399737,65.2040368582712,33.8745063624397,N,18.1722134178553,24.4585314315901,26.4131008980454,18.8061278394084,N,Y,N
189,189,189,261,13,185,344,63,128,160,80,3,1237,943,545,1821,1983,0.274836106908724,190,1821,2119,111,1810,11,2,0,123,62,2119,61,1748,237,7,1,0,20,45,85.4176498348277,0.519112789051439,0.0943841434638981,0,5.80462482302973,2.92590844738084,11.1845210004719,5.23831996224634,96.6021708352997,Y,27.8092158447858,21.0994341147939,14.9555375909458,12.9345189975748,N,N,N
190,190,190,404,39,355,324,60,74,298,59,4,1617,907,631,1822,1661,0.379891631547261,191,1822,1753,1115,385,4,32,2,162,53,1753,945,355,387,1,28,2,10,25,21.9623502567028,0.228180262407302,1.82544209925841,0.114090131203651,9.24130062749572,3.02338847689675,22.0764403879064,63.6052481460354,44.0387906446092,N,20.0371057513915,24.9845392702536,21.9542362399505,18.4291898577613,N,Y,N
191,191,191,161,13,132,138,45,53,79,43,3,667,685,338,1823,1386,0.243867243867244,192,1823,1195,255,743,6,11,0,148,32,1195,165,696,305,0,11,0,8,10,62.1757322175732,0.502092050209205,0.920502092050209,0,12.3849372384937,2.67782426778243,25.5230125523013,21.3389121338912,87.6987447698745,Y,20.6896551724138,24.1379310344828,19.7901049475262,11.8440779610195,N,N,N
192,192,192,409,22,138,364,76,87,327,30,5,1458,494,488,1901,1344,0.363095238095238,193,1901,1990,1588,118,17,69,0,112,86,1990,1438,104,327,4,67,0,10,40,5.92964824120603,0.85427135678392,3.46733668341709,0,5.62814070351759,4.321608040201,16.4321608040201,79.7989949748744,22.3618090452261,N,24.9657064471879,28.0521262002744,9.46502057613169,22.4279835390947,N,Y,N
193,193,193,478,32,312,415,69,102,371,55,6,1840,760,650,1902,1529,0.425114453891432,194,1902,1878,1545,87,7,177,0,15,47,1878,1497,83,82,6,175,0,0,35,4.63258785942492,0.372736954206603,9.42492012779553,0,0.798722044728434,2.50266240681576,4.36634717784878,82.2683706070288,8.9989350372737,N,22.554347826087,25.9782608695652,16.9565217391304,20.1630434782609,N,Y,N
194,194,194,378,19,164,329,50,84,281,27,3,1335,409,436,1903,1071,0.407096171802054,195,1903,1308,1121,61,4,65,3,19,35,1308,1080,59,66,0,64,3,6,30,4.66360856269113,0.305810397553517,4.96941896024465,0.229357798165138,1.4525993883792,2.67584097859327,5.04587155963303,85.7033639143731,9.70948012232416,N,24.6441947565543,28.314606741573,12.2846441947566,21.0486891385768,N,Y,N
195,195,195,520,29,195,487,84,137,365,29,5,1851,685,634,1904,1537,0.41249186727391,196,1904,1234,1038,61,3,41,0,48,43,1234,980,57,114,2,41,0,5,35,4.94327390599676,0.243111831442464,3.322528363047,0,3.88978930307942,3.48460291734198,9.23824959481361,84.1166936790924,14.1815235008104,N,26.3101026472177,28.0929227444624,10.5348460291734,19.7190707725554,N,Y,N
196,196,196,408,19,176,377,55,104,292,28,7,1466,634,525,1905,1306,0.401990811638591,197,1905,1582,1239,158,8,70,0,71,36,1582,1125,143,209,5,70,0,8,22,9.98735777496839,0.505689001264223,4.42477876106195,0,4.48798988621998,2.275600505689,13.2111251580278,78.3185840707965,23.1984829329962,N,25.7162346521146,27.8308321964529,12.0054570259209,19.9181446111869,N,Y,N
197,197,197,623,43,257,566,99,152,424,52,5,2221,747,742,1906,1736,0.42741935483871,198,1906,1665,1390,123,8,69,0,33,42,1665,1319,110,125,6,69,0,6,30,7.38738738738739,0.48048048048048,4.14414414414414,0,1.98198198198198,2.52252252252252,7.50750750750751,83.4834834834835,14.8948948948949,N,25.4840162089149,28.0504277352544,11.5713642503377,19.0904997748762,N,Y,N
198,198,198,452,23,210,430,76,115,362,36,8,1712,596,577,1907,1735,0.332564841498559,199,1907,1717,1105,211,8,136,0,184,73,1717,941,198,388,2,136,0,11,41,12.2888759464182,0.46592894583576,7.92079207920792,0,10.7163657542225,4.25160163075131,22.5975538730344,64.3564356435644,34.8864298194525,N,25.1168224299065,26.4018691588785,12.2663551401869,21.1448598130841,N,Y,N
199,199,199,289,16,112,263,27,63,225,14,2,1011,321,333,1908,843,0.395017793594306,200,1908,843,754,27,1,28,0,12,21,843,728,27,38,1,28,0,4,17,3.20284697508897,0.118623962040332,3.3214709371293,0,1.42348754448399,2.49110320284698,4.50771055753262,89.4424673784104,7.71055753262159,N,26.0138476755688,28.5855588526212,11.0781404549951,22.2551928783383,N,Y,N
200,200,200,241,18,100,239,25,66,209,13,6,917,323,310,1909,830,0.373493975903614,201,1909,844,707,40,1,66,0,11,19,844,661,39,60,0,66,0,3,15,4.739336492891,0.118483412322275,7.81990521327014,0,1.30331753554502,2.25118483412322,7.10900473933649,83.7677725118483,11.8483412322275,N,26.0632497273719,26.2813522355507,10.9051254089422,22.7917121046892,N,Y,N
201,201,201,467,26,271,366,51,85,299,53,5,1623,777,600,1910,1698,0.353356890459364,202,1910,1817,1097,474,6,36,3,142,59,1817,928,425,394,4,35,3,6,22,26.0869565217391,0.330214639515685,1.98128783709411,0.165107319757843,7.81507980187122,3.24711062190424,21.68409466153,60.3742432581178,47.7710511832691,N,22.550831792976,28.7738755391251,16.6974738139248,18.422674060382,N,Y,N
202,202,202,258,16,149,196,54,61,148,35,6,923,633,389,1911,1624,0.239532019704433,203,1911,1386,469,390,7,73,0,364,83,1386,232,342,694,2,73,0,7,36,28.1385281385281,0.505050505050505,5.26695526695527,0,26.2626262626263,5.98845598845599,50.0721500721501,33.8383838383838,78.2106782106782,N,21.2351029252438,27.9523293607801,16.1430119176598,16.0346695557963,Y,N,N
203,203,203,328,26,233,309,44,79,273,37,0,1329,535,466,1912,1186,0.3929173693086,204,1912,1133,750,237,7,19,1,74,45,1133,656,220,212,5,18,1,1,20,20.9179170344219,0.617828773168579,1.67696381288614,0.088261253309797,6.53133274492498,3.97175639894086,18.711385701677,66.1959399823478,39.6293027360989,N,23.2505643340858,24.6802106847254,17.5319789315275,20.5417607223476,N,Y,N
204,204,204,228,16,131,182,27,49,153,24,2,812,504,329,1913,1102,0.298548094373866,205,1913,1850,792,581,10,42,5,321,99,1850,516,516,732,2,42,4,9,29,31.4054054054054,0.540540540540541,2.27027027027027,0.27027027027027,17.3513513513514,5.35135135135135,39.5675675675676,42.8108108108108,70.972972972973,N,22.4137931034483,28.0788177339901,16.1330049261084,18.8423645320197,N,Y,N
205,205,205,391,32,283,311,38,68,287,33,8,1451,761,553,2001,1524,0.362860892388451,206,2001,1872,1672,79,4,55,0,44,18,1872,1603,71,115,1,54,0,13,15,4.22008547008547,0.213675213675214,2.93803418803419,0,2.35042735042735,0.961538461538462,6.14316239316239,89.3162393162393,10.3632478632479,N,21.433494141971,26.946933149552,19.5037904893177,19.7794624396968,N,Y,N
206,206,206,441,29,277,345,57,74,319,32,4,1578,686,566,2002,1626,0.348093480934809,207,2002,1786,1285,248,9,67,0,120,57,1786,1129,218,333,3,66,0,7,30,13.8857782754759,0.503919372900336,3.75139977603583,0,6.71892497200448,3.19148936170213,18.6450167973124,71.9484882418813,32.5307950727884,N,21.8631178707224,27.9467680608365,17.553865652725,20.2154626108999,N,Y,N
207,207,207,301,38,305,206,42,60,207,39,9,1207,793,500,2003,1674,0.29868578255675,208,2003,1967,1118,543,4,121,0,133,48,1967,1001,508,298,4,121,0,7,28,27.6054905948144,0.203355363497712,6.1514997458058,0,6.76156583629893,2.44026436197255,15.1499745805796,56.8378240976106,42.755465175394,N,17.0671085335543,24.9378624689312,25.2692626346313,17.1499585749793,N,Y,N
208,208,208,459,26,230,356,36,78,344,37,2,1568,616,546,2004,1208,0.451986754966887,209,2004,1132,972,74,0,21,0,42,23,1132,941,69,85,0,21,0,3,13,6.53710247349823,0,1.85512367491166,0,3.71024734982332,2.03180212014134,7.50883392226149,85.8657243816254,14.0459363957597,N,22.7040816326531,29.2729591836735,14.6683673469388,21.9387755102041,N,Y,N
209,209,209,354,32,367,244,43,60,254,42,10,1406,942,587,2005,1576,0.37246192893401,210,2005,2961,2444,180,6,183,1,106,41,2961,2324,161,245,4,183,1,10,33,6.0790273556231,0.202634245187437,6.18034447821682,0.0337723741979061,3.57987166497805,1.38466734211415,8.274231678487,82.5396825396825,14.3532590341101,N,17.3541963015647,25.1778093883357,26.1024182076814,18.0654338549075,N,Y,N
210,210,210,455,38,428,367,40,100,393,44,12,1877,791,667,2006,1663,0.401082381238725,211,2006,1978,1797,67,8,64,1,17,24,1978,1735,67,82,7,63,1,3,20,3.38725985844287,0.404448938321537,3.2355915065723,0.0505561172901921,0.859453993933266,1.21334681496461,4.14560161779575,90.8493427704752,7.53286147623863,N,19.5524773574854,24.2408098028769,22.8023441662227,20.9376664890783,N,Y,N
211,211,211,303,27,241,231,34,57,254,33,10,1190,502,423,2007,1001,0.422577422577423,212,2007,1072,977,41,4,28,0,13,9,1072,933,37,62,4,28,0,2,6,3.82462686567164,0.373134328358209,2.61194029850746,0,1.21268656716418,0.83955223880597,5.78358208955224,91.1380597014925,9.60820895522388,N,19.4117647058824,25.4621848739496,20.2521008403361,21.344537815126,N,Y,N
212,212,212,323,30,219,253,28,67,224,27,4,1175,505,420,2008,1200,0.35,213,2008,1391,1117,113,8,45,0,70,38,1391,1056,102,162,1,45,0,2,23,8.12365204888569,0.575125808770669,3.23508267433501,0,5.03235082674335,2.73184759166068,11.646297627606,80.3019410496046,19.7699496764917,N,21.531914893617,27.4893617021277,18.6382978723404,19.063829787234,N,Y,N
213,213,213,361,32,255,279,34,62,277,49,12,1361,503,466,2009,1332,0.34984984984985,214,2009,1481,1136,188,1,14,0,109,33,1481,1027,176,243,0,14,0,7,14,12.694125590817,0.0675219446320054,0.945307224848076,0,7.35989196488859,2.22822417285618,16.4078325455773,76.7049291019581,29.1019581363943,N,20.4996326230713,26.5246142542248,18.7362233651727,20.3526818515797,N,Y,N
214,214,214,495,26,447,388,45,84,490,45,7,2027,809,709,2010,1914,0.37042842215256,215,2010,1488,1248,71,0,95,1,53,20,1488,1191,60,122,0,94,1,8,12,4.77150537634409,0,6.38440860215054,0.0672043010752688,3.56182795698925,1.34408602150538,8.1989247311828,83.8709677419355,12.9704301075269,N,19.1415885545141,24.4203256043414,22.0522940305871,24.173655648742,N,Y,N
215,215,215,250,20,203,207,24,51,200,19,3,977,371,337,2011,775,0.434838709677419,216,2011,816,732,22,0,40,1,7,14,816,708,18,35,0,40,1,1,13,2.69607843137255,0,4.90196078431373,0.122549019607843,0.857843137254902,1.7156862745098,4.28921568627451,89.7058823529412,6.98529411764706,N,21.1873080859775,25.5885363357216,20.7778915046059,20.4708290685773,N,Y,N
216,216,216,299,28,275,224,30,48,234,35,7,1180,528,427,2012,1057,0.403973509933775,217,2012,1044,989,15,0,30,0,5,5,1044,974,14,23,0,30,0,0,3,1.4367816091954,0,2.8735632183908,0,0.478927203065134,0.478927203065134,2.20306513409962,94.7318007662835,3.63984674329502,N,18.9830508474576,25.3389830508475,23.3050847457627,19.8305084745763,N,Y,N
217,217,217,271,19,237,183,20,46,221,18,10,1025,475,375,2013,966,0.388198757763975,218,2013,952,858,19,0,56,1,12,6,952,842,19,29,0,56,1,3,2,1.99579831932773,0,5.88235294117647,0.105042016806723,1.26050420168067,0.630252100840336,3.04621848739496,90.1260504201681,5.04201680672269,N,17.8536585365854,26.4390243902439,23.1219512195122,21.5609756097561,N,Y,N
218,218,218,291,30,248,216,18,44,279,29,7,1162,542,426,2014,933,0.456591639871383,219,2014,915,845,18,1,36,0,6,9,915,828,13,28,1,36,0,1,8,1.9672131147541,0.109289617486339,3.9344262295082,0,0.655737704918033,0.983606557377049,3.06010928961749,92.3497267759563,5.02732240437158,N,18.5886402753873,25.0430292598967,21.342512908778,24.0103270223752,N,Y,N
219,219,219,379,37,412,248,52,90,251,56,2,1527,885,603,2015,1846,0.326652221018418,220,2015,2041,1593,160,7,186,0,69,26,2041,1525,140,154,4,185,0,8,25,7.83929446349828,0.34296913277805,9.11317981381676,0,3.38069573738364,1.27388535031847,7.5453209211171,78.0499755022048,15.3846153846154,N,16.2409954158481,24.8199083169614,26.981008513425,16.437459070072,N,Y,N
220,220,220,368,36,422,247,39,66,289,46,12,1525,943,617,2016,1848,0.333874458874459,221,2016,2031,1704,87,2,164,2,45,27,2031,1640,79,126,0,164,1,8,13,4.28360413589365,0.0984736582964057,8.07483998030527,0.0984736582964057,2.21565731166913,1.32939438700148,6.20384047267356,83.8995568685377,10.4874446085672,N,16.1967213114754,24.1311475409836,27.672131147541,18.9508196721311,N,Y,N
221,221,221,459,36,439,348,56,76,396,49,11,1870,942,703,2017,1966,0.357578840284842,222,2017,1926,1763,55,1,84,0,6,17,1926,1708,52,70,0,84,0,0,12,2.85565939771547,0.0519210799584631,4.3613707165109,0,0.311526479750779,0.882658359293873,3.63447559709242,91.5368639667705,6.49013499480789,N,18.6096256684492,24.5454545454546,23.475935828877,21.1764705882353,N,Y,N
222,222,222,263,27,222,201,25,60,226,31,0,1055,445,375,2018,998,0.375751503006012,223,2018,1041,908,48,7,59,0,8,11,1041,880,45,45,2,59,0,5,5,4.61095100864553,0.672430355427474,5.66762728146013,0,0.768491834774256,1.0566762728146,4.32276657060519,87.223823246878,8.93371757925072,N,19.0521327014218,24.9289099526066,21.042654028436,21.4218009478673,N,Y,N
223,223,223,282,17,264,198,22,57,262,19,7,1128,500,407,2019,996,0.40863453815261,224,2019,1038,961,11,0,56,0,4,6,1038,927,10,41,0,56,0,2,2,1.0597302504817,0,5.39499036608863,0,0.385356454720617,0.578034682080925,3.94990366088632,92.5818882466281,5.00963391136801,N,17.5531914893617,25,23.4042553191489,23.2269503546099,N,Y,N
224,224,224,353,36,322,256,40,66,318,37,12,1440,780,555,2020,1777,0.312324141812043,225,2020,2367,1882,102,1,283,0,50,49,2367,1796,97,135,1,283,0,15,40,4.30925221799747,0.042247570764681,11.9560625264047,0,2.11237853823405,2.07013096746937,5.70342205323194,79.5099281791297,10.0126742712294,N,17.7777777777778,24.5138888888889,22.3611111111111,22.0833333333333,N,Y,N
225,225,225,189,14,123,158,27,56,137,19,5,728,228,239,2101,1774,0.134723788049605,226,2101,3936,2804,140,8,776,5,78,125,3936,2608,132,298,7,773,3,14,101,3.55691056910569,0.203252032520325,19.7154471544715,0.127032520325203,1.98170731707317,3.17581300813008,7.57113821138211,71.239837398374,11.1280487804878,N,21.7032967032967,25.9615384615385,16.8956043956044,18.8186813186813,N,Y,N
226,226,226,40,6,24,28,7,13,28,4,1,151,45,49,2102,1143,0.0428696412948381,227,2102,6796,4675,223,3,1512,0,115,268,6796,4319,204,525,2,1500,0,20,226,3.28134196586227,0.0441436138905238,22.248381400824,0,1.69217186580341,3.94349617422013,7.72513243084167,68.7904649793996,11.0064743967039,N,18.5430463576159,26.4900662251656,15.8940397350993,18.5430463576159,N,Y,N
227,227,227,103,11,55,88,24,34,75,16,3,409,131,135,2103,1356,0.0995575221238938,228,2103,3700,2379,137,6,956,1,101,120,3700,2212,127,256,5,946,1,46,107,3.7027027027027,0.162162162162162,25.8378378378378,0.027027027027027,2.72972972972973,3.24324324324324,6.91891891891892,64.2972972972973,10.6216216216216,N,21.5158924205379,25.1833740831296,13.4474327628362,18.3374083129584,N,Y,N
228,228,228,96,15,43,75,27,19,71,10,3,359,177,134,2104,1044,0.128352490421456,229,2104,2966,1914,77,2,596,1,240,136,2966,1775,76,326,1,594,1,101,92,2.59608900876602,0.0674308833445718,20.0944032366824,0.0337154416722859,8.09170600134862,4.58530006743088,10.9912339851652,64.5313553607552,13.5873229939312,N,20.891364902507,26.7409470752089,11.9777158774373,19.7771587743733,N,Y,N
229,229,229,199,16,86,150,39,68,137,22,2,719,253,243,2105,1585,0.153312302839117,230,2105,2668,1915,106,2,511,3,64,67,2668,1792,98,184,0,507,2,29,56,3.97301349325337,0.0749625187406297,19.1529235382309,0.112443778110944,2.39880059970015,2.51124437781109,6.89655172413793,71.7766116941529,10.8695652173913,N,20.8623087621697,27.6773296244784,11.9610570236439,19.0542420027816,N,Y,N
230,230,230,214,15,139,156,28,56,167,33,4,812,324,284,2106,1101,0.25794732061762,231,2106,2860,2162,94,5,405,3,108,83,2860,2024,89,216,2,404,3,51,71,3.28671328671329,0.174825174825175,14.1608391608392,0.104895104895105,3.77622377622378,2.9020979020979,7.55244755244755,75.5944055944056,10.8391608391608,N,19.2118226600985,26.3546798029557,17.1182266009852,20.5665024630542,N,Y,N
231,231,231,188,30,105,132,50,64,149,23,4,745,267,253,2107,1491,0.169684775318578,232,2107,1555,1017,152,5,207,3,107,64,1555,858,131,290,2,206,3,16,49,9.77491961414791,0.321543408360129,13.3118971061093,0.192926045016077,6.88102893890675,4.11575562700965,18.6495176848875,65.4019292604502,28.4244372990354,N,17.7181208053691,25.2348993288591,14.0939597315436,20,N,Y,N
232,232,232,214,27,90,168,53,69,145,27,2,795,249,261,2108,1759,0.14837976122797,233,2108,2811,2080,124,6,433,1,104,63,2811,1981,118,196,2,432,1,31,50,4.41124155104945,0.213447171824973,15.4037709000356,0.0355745286374956,3.69975097829954,2.24119530416222,6.97260761294913,73.9950195659907,11.3838491639986,N,21.1320754716981,26.9182389937107,11.3207547169811,18.2389937106918,N,Y,N
233,233,233,198,24,123,159,46,59,135,33,1,778,278,264,2109,1772,0.148984198645598,234,2109,2881,1824,255,11,555,1,140,95,2881,1691,230,304,4,553,1,24,74,8.85109337035751,0.381811870878167,19.2641443943075,0.0347101700798334,4.85942381117667,3.29746615758417,10.5518917042693,63.3113502256161,19.4029850746269,N,20.4370179948586,25.4498714652956,15.8097686375321,17.3521850899743,N,Y,N
234,234,234,212,20,139,146,39,69,132,35,5,797,479,319,2110,1487,0.214525891055817,235,2110,2112,1504,152,2,313,1,74,66,2112,1399,134,214,1,311,1,7,45,7.1969696969697,0.0946969696969697,14.8200757575758,0.0473484848484848,3.50378787878788,3.125,10.1325757575758,71.2121212121212,17.3295454545455,N,18.3186951066499,26.5997490589711,17.4404015056462,16.5621079046424,N,Y,N
235,235,235,205,35,134,163,35,70,161,30,1,834,358,298,2111,1715,0.173760932944606,236,2111,2664,1982,82,4,465,0,67,64,2664,1890,76,161,2,465,0,18,52,3.07807807807808,0.15015015015015,17.4549549549549,0,2.51501501501502,2.4024024024024,6.04354354354354,74.3993993993994,9.12162162162162,N,19.5443645083933,24.5803357314149,16.0671462829736,19.3045563549161,N,Y,N
236,236,236,219,19,147,174,43,86,146,37,3,874,590,366,2112,1650,0.221818181818182,237,2112,2414,2051,85,2,198,2,36,40,2414,1972,76,126,1,196,2,8,33,3.52112676056338,0.0828500414250207,8.20215410107705,0.0828500414250207,1.49130074565037,1.65700082850041,5.2195526097763,84.9627174813587,8.74067937033968,N,19.908466819222,25.0572082379863,16.8192219679634,16.7048054919909,N,Y,N
237,237,237,403,47,318,285,54,111,255,36,8,1517,631,537,2113,2040,0.263235294117647,238,2113,2772,2133,52,1,502,1,39,44,2772,2088,48,76,0,502,1,17,40,1.87590187590188,0.0360750360750361,18.1096681096681,0.0360750360750361,1.40692640692641,1.58730158730159,2.74170274170274,76.9480519480519,4.61760461760462,N,18.7870797626895,26.5655899802241,20.9624258404746,16.8094924192485,N,Y,N
238,238,238,127,14,75,107,26,51,105,12,4,521,107,157,2114,996,0.157630522088353,239,2114,1528,1253,44,2,175,0,20,34,1528,1197,42,83,2,175,0,2,27,2.87958115183246,0.130890052356021,11.4528795811518,0,1.30890052356021,2.22513089005236,5.43193717277487,82.0026178010471,8.31151832460733,N,20.5374280230326,24.3761996161228,14.3953934740883,20.1535508637236,N,Y,N
239,239,239,173,22,90,137,36,60,126,15,2,661,191,213,2115,1235,0.17246963562753,240,2115,1905,1545,54,6,236,2,32,30,1905,1488,53,87,4,235,2,11,25,2.83464566929134,0.31496062992126,12.3884514435696,0.10498687664042,1.67979002624672,1.5748031496063,4.56692913385827,81.1023622047244,7.40157480314961,N,20.7261724659607,26.1724659606657,13.6157337367625,19.0620272314675,N,Y,N
240,240,240,241,26,173,211,37,72,158,36,1,955,353,327,2116,1553,0.210560206052801,241,2116,5369,4299,265,4,567,0,88,146,5369,4024,248,393,4,564,0,11,125,4.93574222387782,0.0745017694170236,10.5606258148631,0,1.63903892717452,2.71931458372136,7.31979884522257,80.0707766809462,12.2555410691004,N,22.0942408376963,25.2356020942408,18.1151832460733,16.5445026178011,N,Y,N
241,241,241,286,26,191,212,59,73,225,32,4,1108,608,429,2201,1923,0.223088923556942,242,2201,5112,3220,357,17,1026,1,278,213,5112,2804,315,712,8,1022,1,68,182,6.98356807511737,0.332550860719875,20.0704225352113,0.0195618153364632,5.43818466353678,4.16666666666667,13.9280125195618,62.9890453834116,20.9115805946792,N,19.1335740072202,25.8122743682311,17.2382671480144,20.3068592057762,N,Y,N
242,242,242,327,40,205,242,68,94,232,50,12,1270,782,513,2202,2322,0.22093023255814,243,2202,2937,1933,163,8,404,2,315,112,2937,1738,146,480,3,401,2,98,69,5.54988083077971,0.272386789240722,13.7555328566564,0.0680966973101804,10.7252298263534,3.81341504937011,16.3432073544433,65.8154579502894,21.893088185223,N,19.0551181102362,25.748031496063,16.1417322834646,18.2677165354331,N,Y,N
243,243,243,293,41,205,211,53,95,179,46,6,1129,587,429,2203,1891,0.226864093072449,244,2203,2369,1875,78,3,306,0,73,34,2369,1787,70,157,3,305,0,21,26,3.29252849303504,0.126635711270578,12.916842549599,0,3.08146897425074,1.43520472773322,6.62726888982693,79.1473195441114,9.91979738286197,N,18.6891054030115,25.9521700620018,18.1576616474756,15.8547387068202,N,Y,N
244,244,244,246,40,167,182,37,66,169,31,6,944,444,347,2204,1232,0.281655844155844,245,2204,1406,1133,57,0,154,0,42,20,1406,1085,55,87,0,151,0,10,18,4.05405405405405,0,10.9530583214794,0,2.98719772403983,1.42247510668563,6.1877667140825,80.5832147937411,10.2418207681366,N,19.2796610169491,26.0593220338983,17.6906779661017,17.9025423728814,N,Y,N
245,245,245,131,20,76,90,25,43,91,12,1,489,363,213,2205,1132,0.188162544169611,246,2205,1642,1010,116,3,185,0,251,77,1642,894,99,270,1,184,0,136,58,7.06455542021924,0.182704019488429,11.2667478684531,0,15.2862362971985,4.68940316686967,16.4433617539586,61.510353227771,23.5079171741778,N,18.4049079754601,26.7893660531697,15.5419222903886,18.6094069529652,N,Y,N
246,246,246,179,26,136,128,33,40,125,26,2,695,297,248,2206,1088,0.227941176470588,247,2206,1585,1157,41,1,221,0,117,48,1585,1066,32,169,1,221,0,58,38,2.58675078864353,0.0630914826498423,13.9432176656151,0,7.38170347003155,3.02839116719243,10.6624605678233,72.9968454258675,13.2492113564669,N,18.4172661870504,25.7553956834532,19.568345323741,17.9856115107914,N,Y,N
247,247,247,301,43,213,216,57,89,206,34,9,1168,540,427,2207,1605,0.266043613707165,248,2207,2079,1628,118,4,160,1,121,47,2079,1552,109,164,3,159,1,52,39,5.67580567580568,0.192400192400192,7.6960076960077,0.0481000481000481,5.82010582010582,2.26070226070226,7.88840788840789,78.3068783068783,13.5642135642136,N,18.4931506849315,25.7705479452055,18.236301369863,17.6369863013699,N,Y,N
248,248,248,201,21,174,155,20,46,139,24,0,780,400,295,2208,1282,0.230109204368175,249,2208,2065,1583,61,1,357,0,26,37,2065,1505,58,108,1,354,0,8,31,2.95399515738499,0.0484261501210654,17.2881355932203,0,1.2590799031477,1.79176755447942,5.23002421307506,76.6585956416465,8.18401937046005,N,19.8717948717949,25.7692307692308,22.3076923076923,17.8205128205128,N,Y,N
249,249,249,195,24,130,147,35,59,142,25,2,759,377,284,2209,1328,0.213855421686747,250,2209,2018,1564,40,0,319,2,33,60,2018,1498,37,99,0,319,2,11,52,1.98216055500496,0,15.8077304261645,0.0991080277502478,1.63528245787909,2.97324083250743,4.90584737363726,77.5024777006938,6.88800792864222,N,19.3675889328063,25.6916996047431,17.1277997364954,18.7088274044796,N,Y,N
250,250,250,289,29,200,193,52,86,196,28,7,1080,484,391,2210,1455,0.26872852233677,251,2210,2442,1984,90,1,250,0,73,44,2442,1842,81,207,1,248,0,34,29,3.68550368550369,0.040950040950041,10.2375102375102,0,2.98935298935299,1.8018018018018,8.47665847665848,81.2448812448812,12.1621621621622,N,17.8703703703704,26.7592592592593,18.5185185185185,18.1481481481481,N,Y,N
251,251,251,186,19,128,116,23,43,113,18,2,648,412,265,2211,1041,0.254562920268972,252,2211,1315,1019,66,5,155,0,29,41,1315,949,64,109,1,152,0,12,28,5.01901140684411,0.380228136882129,11.787072243346,0,2.20532319391635,3.11787072243346,8.28897338403042,77.4904942965779,13.3079847908745,N,17.9012345679012,28.7037037037037,19.7530864197531,17.4382716049383,N,Y,N
252,252,252,198,26,149,123,32,48,133,26,4,739,397,284,2212,1200,0.236666666666667,253,2212,1646,1007,164,8,242,1,158,66,1646,903,138,299,5,242,0,29,30,9.96354799513973,0.486026731470231,14.7023086269745,0.0607533414337789,9.59902794653706,4.0097205346294,18.1652490886999,61.1786148238153,28.1287970838396,N,16.6441136671177,26.7929634641407,20.1623815967524,17.9972936400541,N,Y,N
253,253,253,165,25,125,117,21,56,113,23,3,648,400,262,2213,930,0.281720430107527,,,,,,,,,,,,,,,,,,,,,,,,,,,,,,18.0555555555556,25.462962962963,19.2901234567901,17.4382716049383,,,