,Ward,Precinct_x,Winner,2nd,3rd,4th,Flaherty,St. Guillen,Wu,Mejia,Murphy,Garrison,Halbert,Essaibi-George,Total,Write-in,Wu Percentage,Ward_Precinct_Code,Black plurality (Y/N),Unnamed: 0_y,Precinct_y,Total,White,Black or African American,American Indian and Alaska Native,Asian,Native Hawaiian and Other Pacific Islander,Some Other Race,Two or More Races,Total.1,White (alone),Black or African American (alone),Hispanic or Latino (alone),American Indian and Alaska Native (alone),Asian (alone),Native Hawaiian and Other Pacific Islander (alone),Some Other Race/Ethnicity (alone),Two or More Races/Ethnicities (alone),Black Percentage,Native American Percentage,Asian Percentage,Native Hawaiian/Pacific Islander Percentage,Other Race Percentage,Two or more races Percentage,Hispanic Percentage,White Percentage,Turnout,White plurality (Y/N),Asian plurality (Y/N),Hispanic plurality (Y/N)
0,5,5,Wu,Flaherty,Essaibi-George,Garrison,100,41,147,23,27,46,22,86,497,5,29.5774647887324,0505,N,45,0505,677,636,4,1,21,0,1,14,677,624,4,17,1,21,0,1,9,0.590841949778434,0.147710487444609,3.10192023633678,0,0.147710487444609,2.06794682422452,2.51107828655835,93.9438700147711,0.217134416543575,Y,N,N
1,5,3,Wu,Essaibi-George,Flaherty,St. Guillen,193,127,294,59,46,70,65,218,1080,8,27.2222222222222,0503,N,43,0503,1873,1744,20,0,92,0,8,9,1873,1695,17,58,0,92,0,3,8,1.06780565936999,0,4.91190603310197,0,0.427122263747998,0.480512546716498,3.09663641217298,93.1126534970635,0.156967431927389,Y,N,N
2,5,6,Wu,Essaibi-George,Flaherty,St. Guillen,159,75,231,60,65,65,51,166,875,3,26.4,0506,N,46,0506,2212,1965,77,3,114,0,21,32,2212,1896,65,104,3,114,0,4,26,3.48101265822785,0.135623869801085,5.15370705244123,0,0.949367088607595,1.44665461121157,4.70162748643761,88.8336347197107,0.104430379746835,Y,N,N
3,3,8,Wu,St. Guillen,Flaherty,Essaibi-George,393,405,743,358,106,119,333,361,2833,15,26.2266148958701,0308,N,30,0308,7821,3585,377,4,3598,4,103,150,7821,3347,351,386,4,3594,3,15,121,4.82035545326685,0.0511443549418233,46.0043472701701,0.0511443549418233,1.31696713975195,1.91791331031837,4.93543025188595,45.8381281166091,0.0950006393044368,N,Y,N
4,21,6,Wu,Essaibi-George,Flaherty,St. Guillen,103,67,167,52,55,52,27,122,645,0,25.8914728682171,2106,N,231,2106,2860,2162,94,5,405,3,108,83,2860,2024,89,216,2,404,3,51,71,3.28671328671329,0.174825174825175,14.1608391608392,0.104895104895105,3.77622377622378,2.9020979020979,7.55244755244755,75.5944055944056,0.0583916083916084,Y,N,N
5,5,1,Wu,Essaibi-George,Flaherty,St. Guillen,368,320,619,262,97,105,227,389,2397,10,25.8239465999166,0501,N,41,0501,6467,4012,300,8,1921,1,103,122,6467,3858,277,288,7,1920,1,18,98,4.63893613731251,0.123704963661667,29.7046543992578,0.0154631204577084,1.59270140714396,1.88650069584042,4.45337869182001,62.038039276326,0.0957167156332148,Y,N,N
6,5,8,Wu,Essaibi-George,Flaherty,St. Guillen,160,102,241,65,47,74,45,192,936,10,25.7478632478632,0508,N,48,0508,2585,2200,65,1,214,0,34,71,2585,2108,63,125,1,212,0,15,61,2.51450676982592,0.0386847195357834,8.27852998065764,0,1.31528046421663,2.74661508704062,4.83558994197292,85.1063829787234,0.0932301740812379,Y,N,N
7,5,11,Wu,Essaibi-George,Flaherty,St. Guillen,150,80,216,54,45,79,43,165,839,7,25.7449344457688,0511,N,51,0511,1322,1222,11,0,68,0,7,14,1322,1179,11,51,0,67,0,2,12,0.832072617246596,0,5.14372163388805,0,0.529500756429652,1.0590015128593,3.85779122541604,92.4357034795764,0.16338880484115,Y,N,N
8,4,2,Wu,Essaibi-George,Flaherty,St. Guillen,175,130,299,108,73,95,73,205,1166,8,25.6432246998285,0402,N,32,0402,3532,2541,390,8,468,0,54,71,3532,2397,375,212,7,466,0,11,64,11.0419026047565,0.226500566251416,13.2502831257078,0,1.52887882219706,2.01019252548131,6.00226500566251,71.9422423556059,0.0846545866364666,Y,N,N
9,5,7,Wu,Flaherty,Essaibi-George,St. Guillen,207,111,272,63,57,87,72,191,1064,4,25.5639097744361,0507,N,47,0507,2626,2323,54,2,175,1,26,45,2626,2231,50,126,2,175,1,3,38,2.05635948210206,0.0761614623000762,6.66412795125666,0.0380807311500381,0.99009900990099,1.71363290175171,4.7981721249048,88.4615384615385,0.103579588728104,Y,N,N
10,5,4,Wu,Essaibi-George,Flaherty,St. Guillen,171,104,252,61,60,83,64,190,988,3,25.5060728744939,0504,N,44,0504,2702,2405,70,2,153,1,29,42,2702,2324,68,106,2,152,1,12,37,2.59067357512953,0.074019245003701,5.66247224278312,0.0370096225018505,1.07327905255366,1.55440414507772,3.92301998519615,89.0081421169504,0.0932642487046632,Y,N,N
11,20,4,Wu,St. Guillen,Essaibi-George,Mejia,121,285,395,214,81,51,166,242,1556,1,25.3856041131105,2004,N,209,2004,1132,972,74,0,21,0,42,23,1132,941,69,85,0,21,0,3,13,6.53710247349823,0,1.85512367491166,0,3.71024734982332,2.03180212014134,7.50883392226149,85.8657243816254,0.348939929328622,Y,N,N
12,19,9,Wu,St. Guillen,Essaibi-George,Mejia,60,138,186,101,21,28,84,118,736,0,25.2717391304348,1909,N,201,1909,844,707,40,1,66,0,11,19,844,661,39,60,0,66,0,3,15,4.739336492891,0.118483412322275,7.81990521327014,0,1.30331753554502,2.25118483412322,7.10900473933649,83.7677725118483,0.220379146919431,Y,N,N
13,21,4,Wu,St. Guillen/Mejia,St. Guillen/Mejia,Essaibi-George,35,76,108,76,13,27,24,68,428,1,25.2336448598131,2104,N,229,2104,2966,1914,77,2,596,1,240,136,2966,1775,76,326,1,594,1,101,92,2.59608900876602,0.0674308833445718,20.0944032366824,0.0337154416722859,8.09170600134862,4.58530006743088,10.9912339851652,64.5313553607552,0.0364126770060688,Y,N,N
14,18,10,Wu,Essaibi-George,St. Guillen,Flaherty,234,272,482,212,127,114,154,311,1914,8,25.1828631138976,1810,N,179,1810,2337,1576,371,13,89,0,212,76,2337,1364,351,470,5,87,0,25,35,15.875053487377,0.556268720581943,3.80830124090715,0,9.07145913564399,3.2520325203252,20.1112537441164,67.4368848951647,0.206247325631151,Y,N,N
15,19,13,Wu,Essaibi-George,Mejia,St. Guillen,91,107,191,108,40,39,62,122,760,0,25.1315789473684,1913,N,205,1913,1850,792,581,10,42,5,321,99,1850,516,516,732,2,42,4,9,29,31.4054054054054,0.540540540540541,2.27027027027027,0.27027027027027,17.3513513513514,5.35135135135135,39.5675675675676,42.8108108108108,0.103243243243243,Y,N,N
16,21,15,Wu,Essaibi-George,St. Guillen,Mejia,58,80,142,75,31,36,46,97,566,1,25.0883392226148,2115,N,240,2115,1905,1545,54,6,236,2,32,30,1905,1488,53,87,4,235,2,11,25,2.83464566929134,0.31496062992126,12.3884514435696,0.10498687664042,1.67979002624672,1.5748031496063,4.56692913385827,81.1023622047244,0.0745406824146982,Y,N,N
17,11,10,Wu,St. Guillen,Mejia,Essaibi-George,75,219,275,186,25,40,102,177,1099,0,25.0227479526843,1110,N,101,1110,1462,1096,145,2,69,0,110,40,1462,998,122,238,1,68,0,13,22,9.91792065663475,0.136798905608755,4.71956224350205,0,7.52393980848153,2.7359781121751,16.2790697674419,74.9658002735978,0.188098495212038,Y,N,N
18,5,9,Wu,Essaibi-George,Flaherty,St. Guillen,198,123,273,76,67,81,61,209,1092,4,25,0509,N,49,0509,4112,3372,89,3,513,0,53,82,4112,3174,84,262,3,506,0,13,70,2.16439688715953,0.0729571984435798,12.4756809338521,0,1.28891050583658,1.99416342412451,6.3715953307393,82.0038910505837,0.0663910505836576,Y,N,N
19,18,9,Wu,Essaibi-George,St. Guillen,Flaherty,140,148,258,112,65,63,88,158,1034,2,24.9516441005803,1809,N,178,1809,1606,960,372,7,41,1,160,65,1606,847,345,318,6,40,1,18,31,23.1631382316314,0.435865504358655,2.55292652552926,0.062266500622665,9.9626400996264,4.04732254047323,19.8007471980075,59.7758405977584,0.160647571606476,Y,N,N
20,19,6,Wu,St. Guillen,Mejia,Essaibi-George,145,315,422,262,49,88,162,260,1705,2,24.7507331378299,1906,N,198,1906,1665,1390,123,8,69,0,33,42,1665,1319,110,125,6,69,0,6,30,7.38738738738739,0.48048048048048,4.14414414414414,0,1.98198198198198,2.52252252252252,7.50750750750751,83.4834834834835,0.253453453453453,Y,N,N
21,4,7,Wu,Flaherty,Essaibi-George,Mejia,92,65,146,81,30,45,41,90,590,0,24.7457627118644,0407,N,37,0407,4109,2808,291,10,745,2,114,139,4109,2631,276,329,6,742,2,12,111,7.0820150888294,0.243368216110976,18.1309321002677,0.0486736432221952,2.77439766366513,3.38281820394256,8.00681431005111,68.337795083962,0.0355317595522025,Y,N,N
22,11,8,Wu,St. Guillen,Mejia,Essaibi-George,92,270,349,232,39,63,162,211,1422,4,24.5428973277075,1108,N,99,1108,1733,1185,223,10,153,1,106,55,1733,1081,196,253,3,153,1,13,33,12.867859203693,0.577034045008656,8.82862088863243,0.0577034045008656,6.11656087709175,3.1736872475476,14.598961338719,68.3785343335257,0.201384881708021,Y,N,N
23,21,8,Wu,Essaibi-George,St.Guillen/Mejia,St.Guillen/Mejia,54,102,159,102,19,47,60,104,649,2,24.4992295839753,2108,N,233,2108,2811,2080,124,6,433,1,104,63,2811,1981,118,196,2,432,1,31,50,4.41124155104945,0.213447171824973,15.4037709000356,0.0355745286374956,3.69975097829954,2.24119530416222,6.97260761294913,73.9950195659907,0.0565635005336179,Y,N,N
24,21,3,Wu,St. Guillen,Essaibi-George,Mejia,29,53,75,43,12,18,23,52,307,2,24.4299674267101,2103,N,228,2103,3700,2379,137,6,956,1,101,120,3700,2212,127,256,5,946,1,46,107,3.7027027027027,0.162162162162162,25.8378378378378,0.027027027027027,2.72972972972973,3.24324324324324,6.91891891891892,64.2972972972973,0.0202702702702703,Y,N,N
25,3,2,Wu,Flaherty,Essaibi-George,St. Guillen,82,44,102,31,31,37,21,71,419,0,24.3436754176611,0302,N,24,0302,1866,1771,20,1,44,1,20,9,1866,1719,16,71,1,43,1,6,9,1.07181136120043,0.0535905680600214,2.35798499464094,0.0535905680600214,1.07181136120043,0.482315112540193,3.80493033226152,94.908896034298,0.0546623794212219,Y,N,N
26,3,6,Wu,Essaibi-George,Flaherty,St. Guillen,224,156,335,97,102,108,107,235,1377,13,24.3282498184459,0306,N,28,0306,5373,4484,246,11,455,3,79,95,5373,4291,226,284,10,454,3,18,87,4.5784477945282,0.204727340405732,8.46826726223711,0.0558347292015634,1.47031453564117,1.76809975804951,5.285687697748,83.4543085799367,0.0623487809417458,Y,N,N
27,19,7,Wu,St. Guillen,Essaibi-George,Mejia,115,283,343,223,41,44,132,238,1420,1,24.1549295774648,1907,N,199,1907,1717,1105,211,8,136,0,184,73,1717,941,198,388,2,136,0,11,41,12.2888759464182,0.46592894583576,7.92079207920792,0,10.7163657542225,4.25160163075131,22.5975538730344,64.3564356435644,0.199767035527082,Y,N,N
28,4,3,Wu,Essaibi-George,Flaherty,St. Guillen,112,86,168,69,44,44,42,130,697,2,24.103299856528,0403,N,33,0403,1337,985,211,2,81,0,27,31,1337,938,200,93,2,81,0,2,21,15.7816005983545,0.149588631264024,6.05833956619297,0,2.01944652206432,2.31862378459237,6.95587135377711,73.6724008975318,0.12565445026178,Y,N,N
29,19,10,Wu,Mejia,Essaibi-George,St. Guillen,140,226,350,237,73,64,130,232,1454,2,24.0715268225585,1910,N,202,1910,1817,1097,474,6,36,3,142,59,1817,928,425,394,4,35,3,6,22,26.0869565217391,0.330214639515685,1.98128783709411,0.165107319757843,7.81507980187122,3.24711062190424,21.68409466153,60.3742432581178,0.19262520638415,Y,N,N
30,4,8,Wu,St. Guillen,Flaherty,Mejia,84,92,149,82,27,35,72,76,619,2,24.0710823909532,0408,N,38,0408,4521,3301,284,8,701,2,111,114,4521,3106,266,331,6,696,1,20,95,6.28179606281796,0.17695200176952,15.5054191550542,0.04423800044238,2.45520902455209,2.52156602521566,7.32138907321389,73.0148197301482,0.0329573103295731,Y,N,N
31,21,7,Wu,Essaibi-George,Mejia,Flaherty,70,64,135,81,32,36,46,96,561,1,24.0641711229947,2107,N,232,2107,1555,1017,152,5,207,3,107,64,1555,858,131,290,2,206,3,16,49,9.77491961414791,0.321543408360129,13.3118971061093,0.192926045016077,6.88102893890675,4.11575562700965,18.6495176848875,65.4019292604502,0.0868167202572347,Y,N,N
32,19,3,Wu,St. Guillen,Mejia,Essaibi-George,71,175,221,168,20,29,93,142,919,0,24.0478781284004,1903,N,195,1903,1308,1121,61,4,65,3,19,35,1308,1080,59,66,0,64,3,6,30,4.66360856269113,0.305810397553517,4.96941896024465,0.229357798165138,1.4525993883792,2.67584097859327,5.04587155963303,85.7033639143731,0.168960244648318,Y,N,N
33,5,2A,Wu,Essaibi-George,Flaherty/St.Guillen,Flaherty/St.Guillen,59,59,100,46,26,26,32,67,416,1,24.0384615384615,,,,,,,,,,,,,,,,,,,,,,,,,,,,,,,,,
34,21,5,Wu,Essaibi-George,St. Guillen,Mejia,64,79,131,71,26,34,45,95,545,0,24.0366972477064,2105,N,230,2105,2668,1915,106,2,511,3,64,67,2668,1792,98,184,0,507,2,29,56,3.97301349325337,0.0749625187406297,19.1529235382309,0.112443778110944,2.39880059970015,2.51124437781109,6.89655172413793,71.7766116941529,0.0491004497751124,Y,N,N
35,22,5,Wu,Flaherty,Essaibi-George,St. Guillen,81,67,124,64,41,30,36,73,516,0,24.031007751938,2205,N,246,2205,1642,1010,116,3,185,0,251,77,1642,894,99,270,1,184,0,136,58,7.06455542021924,0.182704019488429,11.2667478684531,0,15.2862362971985,4.68940316686967,16.4433617539586,61.510353227771,0.0755176613885506,Y,N,N
36,19,4,Wu,St. Guillen,Mejia,Essaibi-George,109,319,380,283,38,57,165,236,1589,2,23.9144115796098,1904,N,196,1904,1234,1038,61,3,41,0,48,43,1234,980,57,114,2,41,0,5,35,4.94327390599676,0.243111831442464,3.322528363047,0,3.88978930307942,3.48460291734198,9.23824959481361,84.1166936790924,0.307941653160454,Y,N,N
37,3,7,Wu,Essaibi-George,Flaherty,St. Guillen,265,197,396,137,116,107,110,318,1656,10,23.9130434782609,0307,N,29,0307,3951,2911,233,10,629,0,96,72,3951,2788,210,262,7,627,0,9,48,5.89724120475829,0.253100480890914,15.9200202480385,0,2.42976461655277,1.82232346241458,6.63123259934194,73.677549987345,0.100227790432802,Y,N,N
38,4,1,Wu,Essaibi-George,Flaherty,St. Guillen,177,142,269,112,72,67,73,212,1128,4,23.8475177304964,0401,N,31,0401,2011,1736,70,4,129,0,35,37,2011,1667,64,102,4,129,0,18,27,3.4808552958727,0.198906016907011,6.41471904525112,0,1.74042764793635,1.83988065638986,5.07210343112879,86.325211337643,0.133764296369965,Y,N,N
39,22,10,Wu,Essaibi-George,Flaherty,St. Guillen,144,125,243,98,73,82,50,205,1021,1,23.8001958863859,2210,N,251,2210,2442,1984,90,1,250,0,73,44,2442,1842,81,207,1,248,0,34,29,3.68550368550369,0.040950040950041,10.2375102375102,0,2.98935298935299,1.8018018018018,8.47665847665848,81.2448812448812,0.0995085995085995,Y,N,N
40,19,12,Wu,Essaibi-George,St. Guillen,Mejia,145,165,252,147,45,58,50,199,1061,0,23.751178133836,1912,N,204,1912,1133,750,237,7,19,1,74,45,1133,656,220,212,5,18,1,1,20,20.9179170344219,0.617828773168579,1.67696381288614,0.088261253309797,6.53133274492498,3.97175639894086,18.711385701677,66.1959399823478,0.222418358340688,Y,N,N
41,11,6,Wu,Mejia,St. Guillen,Essaibi-George,74,167,226,195,23,35,90,142,952,0,23.7394957983193,1106,N,97,1106,1257,777,176,3,62,0,163,76,1257,646,127,399,1,61,0,7,16,14.0015910898966,0.238663484486873,4.93237867939539,0,12.9673826571201,6.0461416070008,31.7422434367542,61.8138424821002,0.179793158313445,Y,N,N
42,19,1,Wu,St. Guillen,Mejia,Essaibi-George,73,253,300,252,27,33,128,195,1266,5,23.696682464455,1901,N,193,1901,1990,1588,118,17,69,0,112,86,1990,1438,104,327,4,67,0,10,40,5.92964824120603,0.85427135678392,3.46733668341709,0,5.62814070351759,4.321608040201,16.4321608040201,79.7989949748744,0.150753768844221,Y,N,N
43,5,10,Wu,Essaibi-George,Flaherty,St. Guillen,98,83,161,75,48,45,69,101,680,0,23.6764705882353,0510,N,50,0510,6184,4078,207,15,1529,0,110,245,6184,3749,197,478,12,1517,0,21,210,3.34734799482536,0.242561448900388,24.7250970245796,0,1.77878395860285,3.96183699870634,7.72962483829237,65.9443725743855,0.0260349288486417,Y,N,N
44,11,9,Wu,St. Guillen,Mejia,Essaibi-George,76,177,214,143,24,34,97,140,905,0,23.646408839779,1109,N,100,1109,997,844,63,1,41,0,23,25,997,790,48,99,0,40,0,3,17,6.31895687061184,0.100300902708124,4.1123370110331,0,2.30692076228686,2.50752256770311,9.92978936810431,84.653961885657,0.214643931795386,Y,N,N
45,19,8,Wu,St. Guillen,Mejia,Essaibi-George,61,187,218,154,30,32,96,143,922,1,23.6442516268981,1908,N,200,1908,843,754,27,1,28,0,12,21,843,728,27,38,1,28,0,4,17,3.20284697508897,0.118623962040332,3.3214709371293,0,1.42348754448399,2.49110320284698,4.50771055753262,89.4424673784104,0.258600237247924,Y,N,N
46,20,2,Wu,Essaibi-George,St. Guillen,Flaherty,170,205,339,161,118,76,130,234,1437,4,23.5908141962422,2002,N,207,2002,1786,1285,248,9,67,0,120,57,1786,1129,218,333,3,66,0,7,30,13.8857782754759,0.503919372900336,3.75139977603583,0,6.71892497200448,3.19148936170213,18.6450167973124,71.9484882418813,0.189809630459126,Y,N,N
47,3,5,Wu,Flaherty,Essaibi-George,Garrison,297,126,368,114,136,157,89,267,1563,9,23.5444657709533,0305,N,27,0305,4660,3353,541,4,640,0,49,73,4660,3006,536,404,4,637,0,9,64,11.6094420600858,0.0858369098712446,13.7339055793991,0,1.05150214592275,1.56652360515021,8.66952789699571,71.9527896995708,0.0789699570815451,Y,N,N
48,22,6,Wu,Flaherty,Essaibi-George,Mejia,92,55,127,59,46,42,25,90,540,4,23.5185185185185,2206,N,247,2206,1585,1157,41,1,221,0,117,48,1585,1066,32,169,1,221,0,58,38,2.58675078864353,0.0630914826498423,13.9432176656151,0,7.38170347003155,3.02839116719243,10.6624605678233,72.9968454258675,0.0801261829652997,Y,N,N
49,5,2,Wu,Flaherty,Essaibi-George,St. Guillen,102,83,146,67,38,43,43,98,621,1,23.5104669887279,0502,N,42,0502,4207,3131,194,8,606,2,130,136,4207,2904,178,401,5,601,2,11,105,4.61136201568814,0.190159258378892,14.4045638222011,0.0475398145947231,3.090087948657,3.23270739244117,9.53173282624198,74.423579748039,0.0347040646541478,Y,N,N
50,11,7,Wu,St. Guillen,Mejia,Essaibi-George,79,200,261,183,23,56,132,173,1111,4,23.4923492349235,1107,N,98,1107,1955,1096,464,12,51,0,255,77,1955,938,424,487,3,51,0,10,42,23.7340153452685,0.61381074168798,2.60869565217391,0,13.0434782608696,3.9386189258312,24.9104859335038,56.0613810741688,0.133503836317136,Y,N,N
51,19,5,Wu,St. Guillen,Mejia,Essaibi-George,111,256,313,199,43,51,155,197,1333,8,23.4808702175544,1905,N,197,1905,1582,1239,158,8,70,0,71,36,1582,1125,143,209,5,70,0,8,22,9.98735777496839,0.505689001264223,4.42477876106195,0,4.48798988621998,2.275600505689,13.2111251580278,78.3185840707965,0.197850821744627,Y,N,N
52,9,2,Wu,Essaibi-George,Flaherty,Mejia,149,117,225,131,46,55,55,178,960,4,23.4375,0902,N,79,0902,2267,1548,353,4,209,0,93,60,2267,1426,334,249,2,209,0,4,43,15.5712395235995,0.176444640494045,9.21923246581385,0,4.10233789148655,2.64666960741067,10.9836788707543,68.2840758711954,0.0992501102779003,Y,N,N
53,21,2,Wu,St.Guillen/Essaibi-George,St.Guillen/Essaibi-George,Flaherty,12,15,22,12,4,7,7,15,94,0,23.4042553191489,2102,N,227,2102,6796,4675,223,3,1512,0,115,268,6796,4319,204,525,2,1500,0,20,226,3.28134196586227,0.0441436138905238,22.248381400824,0,1.69217186580341,3.94349617422013,7.72513243084167,68.7904649793996,0.00323719835197175,Y,N,N
54,2,3,Wu,Flaherty,Essaibi-George,Murphy,162,91,194,47,110,48,37,139,831,3,23.3453670276775,0203,N,18,0203,1652,1594,7,3,24,0,6,18,1652,1576,7,27,3,23,0,1,15,0.423728813559322,0.181598062953995,1.45278450363196,0,0.36319612590799,1.08958837772397,1.63438256658596,96.4891041162228,0.117433414043583,Y,N,N
55,11,2,Wu,Essaibi-George,Mejia,Flaherty,101,91,204,136,31,97,53,157,874,4,23.3409610983982,1102,Y,93,1102,1651,230,1090,25,21,2,196,87,1651,113,1016,442,8,21,2,11,38,66.0205935796487,1.51423379769837,1.27195639006663,0.121138703815869,11.8715929739552,5.26953361599031,26.7716535433071,13.9309509388249,0.123561477892186,N,N,N
56,4,5,Wu,Flaherty,Essaibi-George,St. Guillen,110,93,158,73,32,55,49,106,677,1,23.3382570162481,0405,N,35,0405,2953,2098,294,5,448,1,47,60,2953,1947,282,215,5,445,1,7,51,9.95597697257027,0.169319336268202,15.1710125296309,0.0338638672536404,1.5916017609211,2.03183203521842,7.28073145953268,71.0463934981375,0.0535049102607518,Y,N,N
57,4,6,Wu,Flaherty,St. Guillen,Essaibi-George,109,105,177,91,37,64,69,102,759,5,23.3201581027668,0406,N,36,0406,2498,1639,235,9,437,0,84,94,2498,1494,222,264,8,437,0,14,59,9.40752602081665,0.360288230584468,17.4939951961569,0,3.3626901521217,3.76301040832666,10.5684547638111,65.6124899919936,0.0708566853482786,Y,N,N
58,20,8,Wu,Essaibi-George,Flaherty,St. Guillen,149,138,259,114,96,69,80,209,1115,1,23.2286995515695,2008,N,213,2008,1391,1117,113,8,45,0,70,38,1391,1056,102,162,1,45,0,2,23,8.12365204888569,0.575125808770669,3.23508267433501,0,5.03235082674335,2.73184759166068,11.646297627606,80.3019410496046,0.186196980589504,Y,N,N
59,22,7,Wu,Flaherty,Essaibi-George,St. Guillen,184,129,241,87,95,74,57,171,1041,3,23.1508165225744,2207,N,248,2207,2079,1628,118,4,160,1,121,47,2079,1552,109,164,3,159,1,52,39,5.67580567580568,0.192400192400192,7.6960076960077,0.0481000481000481,5.82010582010582,2.26070226070226,7.88840788840789,78.3068783068783,0.115921115921116,Y,N,N
60,8,2,Wu,Essaibi-George,St. Guillen,Flaherty,124,135,232,109,73,51,90,183,1003,6,23.1306081754736,0802,N,72,0802,4588,2484,1212,19,598,1,189,85,4588,1889,1174,819,14,597,1,33,61,26.4167393199651,0.414123801220575,13.0340017436792,0.021795989537925,4.11944202266783,1.85265911072363,17.8509154315606,54.1412380122057,0.050566695727986,Y,N,N
61,21,1,Wu,Essaibi-George,Flaherty,St. Guillen,78,70,133,64,43,47,43,97,575,0,23.1304347826087,2101,N,226,2101,3936,2804,140,8,776,5,78,125,3936,2608,132,298,7,773,3,14,101,3.55691056910569,0.203252032520325,19.7154471544715,0.127032520325203,1.98170731707317,3.17581300813008,7.57113821138211,71.239837398374,0.0337906504065041,Y,N,N
62,12,1,Wu,Essaibi-George,Mejia,Garrison,107,78,191,116,29,115,58,128,826,4,23.1234866828087,1201,Y,102,1201,1812,137,1380,11,33,0,166,85,1812,74,1328,307,10,32,0,12,49,76.158940397351,0.607064017660044,1.82119205298013,0,9.16114790286976,4.69094922737307,16.9426048565121,7.560706401766,0.105408388520971,N,N,N
63,19,2,Wu,Essaibi-George,St. Guillen,Flaherty,170,197,293,142,77,77,88,217,1268,7,23.1072555205047,1902,N,194,1902,1878,1545,87,7,177,0,15,47,1878,1497,83,82,6,175,0,0,35,4.63258785942492,0.372736954206603,9.42492012779553,0,0.798722044728434,2.50266240681576,4.36634717784878,82.2683706070288,0.156017039403621,Y,N,N
64,22,3,Wu,Essaibi-George,Flaherty,St. Guillen,184,113,265,110,97,91,65,221,1147,1,23.1037489102005,2203,N,244,2203,2369,1875,78,3,306,0,73,34,2369,1787,70,157,3,305,0,21,26,3.29252849303504,0.126635711270578,12.916842549599,0,3.08146897425074,1.43520472773322,6.62726888982693,79.1473195441114,0.111861544955678,Y,N,N
65,21,9,Wu,St. Guillen,Essaibi-George,Mejia,52,115,160,105,33,35,75,114,694,5,23.0547550432277,2109,N,234,2109,2881,1824,255,11,555,1,140,95,2881,1691,230,304,4,553,1,24,74,8.85109337035751,0.381811870878167,19.2641443943075,0.0347101700798334,4.85942381117667,3.29746615758417,10.5518917042693,63.3113502256161,0.0555362721277334,Y,N,N
66,22,4,Wu,Essaibi-George,Flaherty,St. Guillen,162,122,229,78,105,65,64,170,995,0,23.0150753768844,2204,N,245,2204,1406,1133,57,0,154,0,42,20,1406,1085,55,87,0,151,0,10,18,4.05405405405405,0,10.9530583214794,0,2.98719772403983,1.42247510668563,6.1877667140825,80.5832147937411,0.162873399715505,Y,N,N
67,21,13,Wu,Flaherty,St. Guillen,Essaibi-George,270,256,355,164,60,92,120,230,1549,2,22.9180116204003,2113,N,238,2113,2772,2133,52,1,502,1,39,44,2772,2088,48,76,0,502,1,17,40,1.87590187590188,0.0360750360750361,18.1096681096681,0.0360750360750361,1.40692640692641,1.58730158730159,2.74170274170274,76.9480519480519,0.128066378066378,Y,N,N
68,3,1,Wu,Flaherty,Essaibi-George,Garrison,237,88,249,52,99,106,52,193,1087,11,22.9070837166513,0301,N,23,0301,3998,3619,129,8,137,0,50,55,3998,3522,125,156,6,136,0,7,46,3.22661330665333,0.200100050025012,3.42671335667834,0,1.25062531265633,1.37568784392196,3.90195097548774,90.520260130065,0.0622811405702851,Y,N,N
69,20,9,Wu,Essaibi-George,Flaherty,St. Guillen,179,140,272,115,106,79,95,196,1188,6,22.8956228956229,2009,N,214,2009,1481,1136,188,1,14,0,109,33,1481,1027,176,243,0,14,0,7,14,12.694125590817,0.0675219446320054,0.945307224848076,0,7.35989196488859,2.22822417285618,16.4078325455773,76.7049291019581,0.183659689399055,Y,N,N
70,12,4,Wu,Garrison,Essaibi-George,Flaherty,67,46,110,66,8,83,27,70,481,4,22.8690228690229,1204,Y,105,1204,1235,100,884,6,3,2,178,62,1235,47,826,274,5,3,2,30,48,71.5789473684211,0.48582995951417,0.242914979757085,0.161943319838057,14.412955465587,5.02024291497976,22.1862348178138,8.09716599190283,0.0890688259109312,N,N,N
71,21,12,Wu,Essaibi-George,Flaherty,St. Guillen,164,153,219,94,40,53,65,172,960,0,22.8125,2112,N,237,2112,2414,2051,85,2,198,2,36,40,2414,1972,76,126,1,196,2,8,33,3.52112676056338,0.0828500414250207,8.20215410107705,0.0828500414250207,1.49130074565037,1.65700082850041,5.2195526097763,84.9627174813587,0.0907207953603977,Y,N,N
72,10,2,Wu,Essaibi-George,Flaherty,St. Guillen,62,58,96,50,20,43,28,64,421,0,22.8028503562945,1002,N,84,1002,2579,1462,331,9,581,1,126,69,2579,1354,290,298,4,581,1,9,42,12.8344319503684,0.348972469949593,22.5281116711904,0.0387747188832881,4.8856145792943,2.67545560294688,11.5548662272199,56.6886390073672,0.0372237301279566,Y,N,N
73,22,1,Wu,Essaibi-George,Flaherty,Mejia,163,133,257,136,92,62,87,186,1129,13,22.7635075287865,2201,N,242,2201,5112,3220,357,17,1026,1,278,213,5112,2804,315,712,8,1022,1,68,182,6.98356807511737,0.332550860719875,20.0704225352113,0.0195618153364632,5.43818466353678,4.16666666666667,13.9280125195618,62.9890453834116,0.0502738654147105,Y,N,N
74,10,6,Wu,Mejia,St. Guillen,Essaibi-George,52,79,109,100,15,25,31,68,479,0,22.7557411273486,1006,N,88,1006,1706,606,564,12,133,0,285,106,1706,386,472,665,1,130,0,6,46,33.0597889800703,0.703399765533412,7.79601406799531,0,16.7057444314185,6.21336459554514,38.9800703399765,35.5216881594373,0.0638921453692849,N,N,Y
75,8,3,Wu,Essaibi-George,Flaherty,Garrison,57,30,86,50,9,53,28,64,378,1,22.7513227513227,0803,Y,73,0803,1269,266,715,10,52,0,169,57,1269,180,658,325,6,51,0,21,28,56.3435776201734,0.788022064617809,4.09771473601261,0,13.317572892041,4.49172576832151,25.6107171000788,20.9613869188337,0.0677698975571316,N,N,N
76,21,14,Wu,Essaibi-George,St. Guillen,Flaherty,48,51,89,42,23,38,25,73,392,3,22.7040816326531,2114,N,239,2114,1528,1253,44,2,175,0,20,34,1528,1197,42,83,2,175,0,2,27,2.87958115183246,0.130890052356021,11.4528795811518,0,1.30890052356021,2.22513089005236,5.43193717277487,82.0026178010471,0.0582460732984293,Y,N,N
77,4,10,Wu,Mejia,Essaibi-George,St. Guillen,18,19,32,25,8,10,7,22,141,0,22.6950354609929,0410,N,40,0410,5545,4247,359,6,601,5,155,172,5545,4098,328,350,3,592,4,19,151,6.47430117222723,0.108205590622182,10.8385933273219,0.0901713255184851,2.79531109107304,3.10189359783589,6.31199278629396,76.5915238954013,0.00577096483318305,Y,N,N
78,3,3,Wu,Flaherty,Essaibi-George,St. Guillen,117,54,130,43,49,50,29,103,575,0,22.6086956521739,0303,N,25,0303,2362,2234,13,6,68,0,19,22,2362,2177,12,74,5,67,0,6,21,0.550381033022862,0.254022015241321,2.87891617273497,0,0.804403048264183,0.931414055884843,3.13293818797629,94.5808636748518,0.0550381033022862,Y,N,N
79,21,11,Wu,Essaibi-George,Mejia,St. Guillen,77,95,160,104,46,54,57,114,709,2,22.5669957686883,2111,N,236,2111,2664,1982,82,4,465,0,67,64,2664,1890,76,161,2,465,0,18,52,3.07807807807808,0.15015015015015,17.4549549549549,0,2.51501501501502,2.4024024024024,6.04354354354354,74.3993993993994,0.0600600600600601,Y,N,N
80,18,11,Wu,Essaibi-George,Mejia,St. Guillen,85,91,161,109,40,62,49,114,716,5,22.4860335195531,1811,Y,180,1811,1410,415,707,9,29,0,194,56,1410,298,664,390,4,28,0,7,19,50.1418439716312,0.638297872340425,2.05673758865248,0,13.758865248227,3.97163120567376,27.6595744680851,29.4326241134752,0.114184397163121,N,N,N
81,10,8,Wu,Essaibi-George,Mejia,St. Guillen,154,171,260,174,36,95,82,185,1157,0,22.4719101123595,1008,N,90,1008,2779,1583,582,4,394,2,122,92,2779,1407,538,385,4,390,1,7,47,20.9427851745232,0.143936667866139,14.1777617848147,0.0719683339330695,4.39006836991724,3.3105433609212,13.8539042821159,56.9629363080245,0.0935588341129903,Y,N,N
82,18,12,Wu,Essaibi-George,Flaherty,Mejia,164,94,215,102,97,68,48,167,957,2,22.466039707419,1812,N,181,1812,1777,951,600,11,40,1,114,60,1777,803,561,342,8,38,1,3,21,33.7647720877884,0.619020821609454,2.25098480585256,0.056274620146314,6.4153066966798,3.37647720877884,19.2459200900394,53.5171637591446,0.120990433314575,Y,N,N
83,18,7,Wu,Essaibi-George,Flaherty,St. Guillen,129,114,187,101,49,57,47,151,836,1,22.3684210526316,1807,N,176,1807,1688,621,653,18,62,0,277,57,1688,410,584,587,8,59,0,17,23,38.6848341232227,1.06635071090047,3.67298578199052,0,16.4099526066351,3.37677725118483,34.7748815165877,36.7890995260664,0.110781990521327,N,N,N
84,4,4,Wu,Essaibi-George,St. Guillen,Flaherty,140,143,217,92,59,72,77,169,971,2,22.3480947476828,0404,N,34,0404,2256,1625,358,5,143,1,54,70,2256,1520,337,199,3,143,1,8,45,15.8687943262411,0.221631205673759,6.3386524822695,0.0443262411347518,2.3936170212766,3.10283687943262,8.8209219858156,72.0301418439716,0.0961879432624113,Y,N,N
85,14,8,Wu,Flaherty,Essaibi-George,Mejia,89,34,113,79,18,60,30,83,507,1,22.2879684418146,1408,Y,128,1408,1494,147,1206,2,12,1,84,42,1494,93,1162,190,2,11,0,5,31,80.7228915662651,0.133868808567604,0.803212851405622,0.0669344042838019,5.62248995983936,2.81124497991968,12.7175368139224,9.83935742971888,0.0756358768406961,N,N,N
86,22,13,Wu,Flaherty,Essaibi-George,St. Guillen,114,73,138,54,56,47,38,102,623,1,22.1508828250401,,,,,,,,,,,,,,,,,,,,,,,,,,,,,,,,,
87,20,1,Wu,Essaibi-George,St. Guillen,Mejia,154,184,283,158,98,94,105,199,1279,4,22.1266614542611,2001,N,206,2001,1872,1672,79,4,55,0,44,18,1872,1603,71,115,1,54,0,13,15,4.22008547008547,0.213675213675214,2.93803418803419,0,2.35042735042735,0.961538461538462,6.14316239316239,89.3162393162393,0.151175213675214,Y,N,N
88,9,5,Wu,Essaibi-George,Mejia,Flaherty,180,139,291,192,35,164,78,237,1316,0,22.112462006079,0905,Y,82,0905,2282,357,1491,29,51,0,211,143,2282,226,1380,507,14,50,0,22,83,65.3374233128834,1.27081507449606,2.23488168273444,0,9.24627519719544,6.26643295354952,22.2173531989483,15.6441717791411,0.127519719544259,N,N,N
89,12,6,Wu,Flaherty,Essaibi-George,Garrison,73,33,94,51,9,60,35,70,426,1,22.0657276995305,1206,Y,107,1206,858,41,693,6,9,0,65,44,858,21,659,134,5,9,0,10,20,80.7692307692308,0.699300699300699,1.04895104895105,0,7.57575757575758,5.12820512820513,15.6177156177156,4.77855477855478,0.10955710955711,N,N,N
90,21,10,Wu,Essaibi-George,Flaherty,St. Guillen,114,97,169,93,51,54,64,118,767,7,22.0338983050847,2110,N,235,2110,2112,1504,152,2,313,1,74,66,2112,1399,134,214,1,311,1,7,45,7.1969696969697,0.0946969696969697,14.8200757575758,0.0473484848484848,3.50378787878788,3.125,10.1325757575758,71.2121212121212,0.0800189393939394,Y,N,N
91,18,19,Wu,Flaherty,Essaibi-George,Mejia,261,134,293,137,130,97,56,225,1338,5,21.898355754858,1819,Y,188,1819,2594,1046,1180,8,70,3,199,88,2594,864,1125,467,3,68,0,17,50,45.4895913646877,0.30840400925212,2.69853508095605,0.115651503469545,7.67154973014649,3.39244410177332,18.0030840400925,40.3238242097147,0.112952968388589,N,N,N
92,10,9,Wu,St. Guillen,Mejia,Essaibi-George,109,260,285,234,48,53,116,198,1308,5,21.7889908256881,1009,N,91,1009,2265,1646,182,13,145,0,206,73,2265,1417,141,520,1,145,0,11,30,8.03532008830022,0.573951434878587,6.40176600441501,0,9.09492273730684,3.22295805739514,22.9580573951435,72.6710816777042,0.125827814569536,Y,N,N
93,12,2,Wu,Essaibi-George,Flaherty,Mejia,143,92,202,138,16,122,62,148,928,5,21.7672413793103,1202,Y,103,1202,2361,171,1767,17,17,1,288,100,2361,39,1664,529,9,17,1,45,57,74.8411689961881,0.72003388394748,0.72003388394748,0.0423549343498518,12.1982210927573,4.23549343498518,22.4057602710716,7.24269377382465,0.0855569673867005,N,N,N
94,11,4,Wu,Mejia,Essaibi-George,St. Guillen,120,152,232,217,31,54,99,156,1068,7,21.7228464419476,1104,N,95,1104,2245,736,813,37,44,0,457,158,2245,406,709,1027,12,41,0,10,40,36.2138084632517,1.64810690423163,1.95991091314031,0,20.3563474387528,7.03786191536748,45.7461024498887,32.7839643652561,0.103340757238307,N,N,Y
95,11,1,Wu,Essaibi-George,Mejia,St. Guillen,44,85,112,92,9,35,35,100,516,4,21.7054263565892,1101,Y,92,1101,912,357,429,3,31,0,58,34,912,307,392,150,3,31,0,6,23,47.0394736842105,0.328947368421053,3.39912280701754,0,6.35964912280702,3.7280701754386,16.4473684210526,39.1447368421053,0.12280701754386,N,N,N
96,22,2,Wu,Essaibi-George,Flaherty,St. Guillen,185,137,261,137,112,82,81,204,1203,4,21.6957605985037,2202,N,243,2202,2937,1933,163,8,404,2,315,112,2937,1738,146,480,3,401,2,98,69,5.54988083077971,0.272386789240722,13.7555328566564,0.0680966973101804,10.7252298263534,3.81341504937011,16.3432073544433,65.8154579502894,0.0888661899897855,Y,N,N
97,17,14,Wu,Essaibi-George,Flaherty,Mejia,149,75,199,110,80,77,52,171,918,5,21.677559912854,1714,Y,169,1714,1412,429,821,0,70,3,45,44,1412,397,792,106,0,70,0,17,30,58.1444759206799,0,4.95750708215297,0.212464589235128,3.18696883852691,3.11614730878187,7.5070821529745,30.3824362606232,0.140934844192635,N,N,N
98,2,7,Flaherty,Wu,Murphy,Essaibi-George,189,63,180,48,130,73,36,113,832,0,21.6346153846154,0207,N,22,0207,1359,1256,26,0,63,0,5,9,1359,1230,25,28,0,63,0,4,9,1.91317144959529,0,4.63576158940397,0,0.367917586460633,0.662251655629139,2.06033848417954,92.420897718911,0.132450331125828,Y,N,N
99,22,9,Essaibi-George,Wu,Flaherty,St. Guillen,111,86,161,62,56,45,45,177,745,2,21.6107382550336,2209,N,250,2209,2018,1564,40,0,319,2,33,60,2018,1498,37,99,0,319,2,11,52,1.98216055500496,0,15.8077304261645,0.0991080277502478,1.63528245787909,2.97324083250743,4.90584737363726,77.5024777006938,0.0797819623389494,Y,N,N
100,8,1,Wu,Flaherty,St. Guillen/Mejia,St. Guillen/Mejia,76,73,113,73,36,28,48,73,523,3,21.6061185468451,0801,N,71,0801,1484,598,376,3,176,4,265,62,1484,436,334,489,3,176,4,13,29,25.3369272237197,0.202156334231806,11.8598382749326,0.269541778975741,17.8571428571429,4.17789757412399,32.9514824797844,40.2964959568733,0.0761455525606469,Y,N,N
101,18,6,Wu,Flaherty,Mejia/Essaibi-George,Mejia/Essaibi-George,221,80,245,164,55,143,60,164,1135,3,21.5859030837004,1806,Y,175,1806,1999,171,1672,8,13,0,69,66,1999,110,1632,184,7,13,0,6,47,83.6418209104552,0.400200100050025,0.650325162581291,0,3.45172586293147,3.30165082541271,9.20460230115058,8.55427713856928,0.12256128064032,N,N,N
102,12,3,Wu,Garrison,Mejia,Flaherty,64,47,98,68,8,71,34,64,455,1,21.5384615384615,1203,Y,104,1203,794,55,604,4,24,1,75,31,794,20,564,151,1,24,1,11,22,76.0705289672544,0.503778337531486,3.02267002518892,0.125944584382872,9.44584382871536,3.90428211586902,19.0176322418136,6.92695214105794,0.123425692695214,N,N,N
103,11,5,Wu,Mejia,St. Guillen,Essaibi-George,103,138,192,167,21,58,84,128,892,1,21.5246636771301,1105,N,96,1105,1825,711,596,15,26,0,377,100,1825,440,505,803,7,26,0,11,33,32.6575342465754,0.821917808219178,1.42465753424658,0,20.6575342465753,5.47945205479452,44,38.958904109589,0.105205479452055,N,N,Y
104,14,3,Wu,Flaherty,Essaibi-George,Mejia,69,32,80,57,9,42,16,66,372,1,21.505376344086,1403,Y,123,1403,1549,75,1077,23,18,1,277,78,1549,20,987,459,17,18,1,11,36,69.5287282117495,1.48482892188509,1.16204002582311,0.0645577792123951,17.8825048418334,5.03550677856682,29.6320206584893,4.84183344092963,0.0516462233699161,N,N,N
105,19,11,Wu,Mejia,St. Guillen,Essaibi-George,91,133,186,167,30,44,90,125,867,1,21.4532871972318,1911,N,203,1911,1386,469,390,7,73,0,364,83,1386,232,342,694,2,73,0,7,36,28.1385281385281,0.505050505050505,5.26695526695527,0,26.2626262626263,5.98845598845599,50.0721500721501,33.8383838383838,0.134199134199134,N,N,Y
106,22,8,Wu,Flaherty,Essaibi-George,Murphy,134,64,145,43,70,54,41,122,676,3,21.4497041420118,2208,N,249,2208,2065,1583,61,1,357,0,26,37,2065,1505,58,108,1,354,0,8,31,2.95399515738499,0.0484261501210654,17.2881355932203,0,1.2590799031477,1.79176755447942,5.23002421307506,76.6585956416465,0.0702179176755448,Y,N,N
107,20,7,Wu,Essaibi-George,Flaherty,St. Guillen,148,132,206,75,100,67,58,171,963,6,21.3914849428868,2007,N,212,2007,1072,977,41,4,28,0,13,9,1072,933,37,62,4,28,0,2,6,3.82462686567164,0.373134328358209,2.61194029850746,0,1.21268656716418,0.83955223880597,5.78358208955224,91.1380597014925,0.192164179104478,Y,N,N
108,21,16,Wu,Essaibi-George,Flaherty,St. Guillen,111,108,171,99,43,63,73,129,801,4,21.3483146067416,2116,N,241,2116,5369,4299,265,4,567,0,88,146,5369,4024,248,393,4,564,0,11,125,4.93574222387782,0.0745017694170236,10.5606258148631,0,1.63903892717452,2.71931458372136,7.31979884522257,80.0707766809462,0.0318495064257776,Y,N,N
109,3,4,Wu,Flaherty,Essaibi-George,Garrison,127,55,130,38,55,61,27,108,611,10,21.2765957446809,0304,N,26,0304,1910,1823,14,6,37,2,9,19,1910,1766,14,69,5,37,2,4,13,0.732984293193717,0.31413612565445,1.93717277486911,0.104712041884817,0.471204188481675,0.994764397905759,3.61256544502618,95.4450261780105,0.0680628272251309,Y,N,N
110,22,11,Wu,Flaherty,Essaibi-George,Murphy,151,69,157,64,74,69,28,128,742,2,21.1590296495957,2211,N,252,2211,1315,1019,66,5,155,0,29,41,1315,949,64,109,1,152,0,12,28,5.01901140684411,0.380228136882129,11.787072243346,0,2.20532319391635,3.11787072243346,8.28897338403042,77.4904942965779,0.119391634980989,Y,N,N
111,10,4,Wu,Mejia,St. Guillen,Flaherty,127,142,198,157,85,41,89,93,939,7,21.0862619808307,1004,N,86,1004,2606,1298,421,19,561,3,209,95,2606,1128,367,477,13,556,3,5,57,16.1550268610898,0.729086722947045,21.527244819647,0.115118956254797,8.0199539524175,3.64543361473523,18.3039140445127,49.8081350729087,0.0759785111281658,Y,N,N
112,12,9,Wu,Mejia,Essaibi-George,Garrison,65,46,103,81,9,79,22,80,489,4,21.0633946830266,1209,Y,110,1209,1116,95,802,7,15,1,134,62,1116,23,764,268,4,15,1,9,32,71.8637992831541,0.627240143369176,1.34408602150538,0.0896057347670251,12.0071684587814,5.55555555555556,24.0143369175627,8.51254480286738,0.0922939068100358,N,N,N
113,10,5,Wu,Essaibi-George,Mejia,St. Guillen,82,88,126,90,18,44,44,107,600,1,21,1005,N,87,1005,2078,1539,228,7,135,0,97,72,2078,1448,208,225,3,135,0,8,51,10.9720885466795,0.336862367661213,6.49663137632339,0,4.66794995187681,3.46487006737247,10.827718960539,74.0615976900866,0.0606352261790183,Y,N,N
114,10,3,Wu,St. Guillen,Essaibi-George,Flaherty,61,68,78,37,20,25,21,62,372,0,20.9677419354839,1003,N,85,1003,2020,1403,193,12,256,3,83,70,2020,1306,166,228,6,256,3,5,50,9.55445544554455,0.594059405940594,12.6732673267327,0.148514851485149,4.10891089108911,3.46534653465347,11.2871287128713,69.4554455445545,0.0386138613861386,Y,N,N
115,17,9,Wu,Essaibi-George,Mejia,St. Guillen,89,93,161,94,56,50,73,151,768,1,20.9635416666667,1709,Y,164,1709,1032,430,463,3,55,0,49,32,1032,387,444,97,3,55,0,18,28,44.8643410852713,0.290697674418605,5.32945736434108,0,4.74806201550388,3.10077519379845,9.39922480620155,41.6666666666667,0.156007751937984,N,N,N
116,18,22,Wu,Flaherty,Essaibi-George,Murphy,240,116,284,137,175,100,66,239,1360,3,20.8823529411765,1822,N,191,1822,1753,1115,385,4,32,2,162,53,1753,945,355,387,1,28,2,10,25,21.9623502567028,0.228180262407302,1.82544209925841,0.114090131203651,9.24130062749572,3.02338847689675,22.0764403879064,63.6052481460354,0.162007986309184,Y,N,N
117,2,4,Wu,Flaherty,Essaibi-George,Murphy,145,71,148,43,93,52,39,119,711,1,20.8157524613221,0204,N,19,0204,1457,1040,132,5,146,0,90,44,1457,966,100,230,0,145,0,3,13,9.05971173644475,0.343170899107756,10.0205902539465,0,6.1770761839396,3.01990391214825,15.7858613589568,71.3795470144132,0.101578586135896,Y,N,N
119,1,8,Wu,Essaibi-George,Flaherty,Mejia,123,93,150,106,45,30,50,126,725,2,20.6896551724138,0108,N,8,0108,2902,1700,119,18,191,0,723,151,2902,912,76,1669,5,188,0,8,44,4.10062026188835,0.62026188835286,6.58166781529979,0,24.9138525155065,5.20330806340455,57.5120606478291,58.5802894555479,0.0516884906960717,Y,N,N
120,18,5,Flaherty,Wu,Mejia,Essaibi-George,173,70,171,129,38,89,39,117,827,1,20.677146311971,1805,Y,174,1805,1923,104,1681,24,4,0,56,54,1923,82,1630,147,10,4,0,13,37,87.4154966198648,1.24804992199688,0.208008320332813,0,2.91211648465939,2.80811232449298,7.64430577223089,5.40821632865315,0.0889235569422777,N,N,N
121,18,3,Wu,Essaibi-George,Flaherty,Mejia,138,73,184,123,43,118,58,152,890,1,20.6741573033708,1803,Y,172,1803,2048,98,1776,19,18,2,68,67,2048,51,1727,178,15,17,2,7,51,86.71875,0.927734375,0.87890625,0.09765625,3.3203125,3.271484375,8.69140625,4.78515625,0.08984375,N,N,N
122,2,2,Flaherty/Wu,Flaherty/Wu,Essaibi-George,Murphy,213,102,213,108,128,71,51,151,1039,2,20.5004812319538,0202,N,17,0202,3716,2422,367,11,602,7,220,87,3716,2182,309,540,5,601,7,22,50,9.8762109795479,0.296017222820237,16.200215285253,0.188374596340151,5.92034445640474,2.34122712594187,14.5317545748116,65.1776103336921,0.0573196986006458,Y,N,N
123,6,1,Wu,Flaherty,Essaibi-George,Murphy,289,150,316,149,165,119,92,257,1544,7,20.4663212435233,0601,N,52,0601,4089,3123,260,7,332,2,253,112,4089,2899,190,582,4,330,2,16,66,6.35852286622646,0.171191000244559,8.11934458302763,0.0489117143555882,6.1873318659819,2.73905600391294,14.2333088774761,76.3756419662509,0.0772805086818293,Y,N,N
124,2,1,Flaherty,Wu,Murphy,Essaibi-George,260,82,228,47,196,74,53,168,1116,8,20.4301075268817,0201,N,16,0201,1690,1606,11,0,51,1,15,6,1690,1586,9,36,0,51,1,1,6,0.650887573964497,0,3.01775147928994,0.0591715976331361,0.887573964497041,0.355029585798816,2.1301775147929,95.0295857988166,0.13491124260355,Y,N,N
125,1,4,Wu,Essaibi-George,St. Guillen,Mejia,51,57,79,54,21,19,36,66,387,4,20.4134366925065,0104,N,4,0104,1884,1097,57,12,38,1,555,124,1884,512,43,1203,6,37,0,59,24,3.02547770700637,0.636942675159236,2.01698513800425,0.0530785562632696,29.4585987261147,6.58174097664544,63.8535031847134,58.2271762208068,0.041932059447983,N,N,Y
126,18,14,Wu,Flaherty,Mejia,Essaibi-George,71,48,81,60,28,37,16,52,397,4,20.4030226700252,1814,Y,183,1814,1284,345,692,5,23,0,169,50,1284,222,647,349,2,20,0,17,27,53.8940809968847,0.389408099688474,1.79127725856698,0,13.1619937694704,3.89408099688473,27.1806853582554,26.8691588785047,0.0630841121495327,N,N,N
127,18,8,Wu,Flaherty,Essaibi-George,Mejia,197,95,216,139,52,127,54,177,1059,2,20.3966005665722,1808,Y,177,1808,3041,859,1642,15,58,2,356,109,3041,566,1548,791,5,57,2,16,56,53.9953962512332,0.493258796448537,1.90726734626768,0.0657678395264716,11.7066754357119,3.5843472541927,26.0111805327195,28.2472870766195,0.0710292666885893,N,N,N
128,2,5,Flaherty,Wu,Murphy,Essaibi-George,160,64,149,45,121,50,31,111,732,1,20.3551912568306,0205,N,20,0205,1602,1561,6,0,22,1,3,9,1602,1548,6,18,0,21,0,1,8,0.374531835205992,0,1.37328339575531,0.0624219725343321,0.187265917602996,0.561797752808989,1.12359550561798,97.4406991260924,0.0930087390761548,Y,N,N
129,20,6,Wu,Essaibi-George,Flaherty,Murphy,290,172,318,70,196,131,90,297,1568,4,20.280612244898,2006,N,211,2006,1978,1797,67,8,64,1,17,24,1978,1735,67,82,7,63,1,3,20,3.38725985844287,0.404448938321537,3.2355915065723,0.0505561172901921,0.859453993933266,1.21334681496461,4.14560161779575,90.8493427704752,0.160768452982811,Y,N,N
130,18,15,Wu,Essaibi-George,Flaherty,Mejia,124,65,143,99,35,56,46,137,707,2,20.2263083451202,1815,Y,184,1815,1723,301,1195,6,20,0,151,50,1723,215,1131,330,5,20,0,4,18,69.3557748113755,0.348229831688915,1.16076610562972,0,8.76378409750435,2.90191526407429,19.1526407428903,17.4695298897272,0.0829947765525247,N,N,N
131,1,1,Wu,Essaibi-George,Halbert,Flaherty,119,92,180,93,51,54,136,162,892,5,20.1793721973094,0101,N,1,0101,1717,1369,55,7,49,4,173,60,1717,1074,38,503,3,45,0,27,27,3.20326150262085,0.40768782760629,2.85381479324403,0.23296447291788,10.0757134536983,3.4944670937682,29.2952824694234,79.7320908561444,0.104834012813046,Y,N,N
132,11,3,Wu,Mejia,Flaherty,Essaibi-George,78,57,100,97,11,59,16,77,496,1,20.1612903225806,1103,Y,94,1103,1385,196,891,9,13,1,195,80,1385,90,786,445,6,13,1,12,32,64.3321299638989,0.649819494584838,0.938628158844765,0.0722021660649819,14.0794223826715,5.77617328519856,32.129963898917,14.1516245487365,0.0722021660649819,N,N,N
133,14,5,Wu,Essaibi-George,Flaherty,Mejia,73,42,86,50,24,41,34,75,427,2,20.1405152224824,1405,Y,125,1405,1439,36,1278,5,11,1,70,38,1439,9,1231,155,2,11,1,2,28,88.8116747741487,0.347463516330785,0.764419735927728,0.0694927032661571,4.86448922863099,2.64072272411397,10.7713690062543,2.50173731758165,0.0597637248088951,N,N,N
134,18,23,Wu,Mejia,Flaherty,St. Guillen,85,74,117,110,32,52,47,63,584,4,20.0342465753425,1823,Y,192,1823,1195,255,743,6,11,0,148,32,1195,165,696,305,0,11,0,8,10,62.1757322175732,0.502092050209205,0.920502092050209,0,12.3849372384937,2.67782426778243,25.5230125523013,21.3389121338912,0.097907949790795,N,N,N
135,17,3,Wu,Essaibi-George,Mejia,Flaherty,139,88,194,144,56,96,67,185,970,1,20,1703,Y,158,1703,1996,338,1383,2,40,3,151,79,1996,267,1330,273,1,40,0,35,50,69.2885771543086,0.100200400801603,2.00400801603206,0.150300601202405,7.56513026052104,3.95791583166333,13.6773547094188,16.9338677354709,0.0971943887775551,N,N,N
136,17,11,Wu,Essaibi-George,Flaherty,Halbert,43,29,60,36,14,24,39,55,300,0,20,1711,Y,166,1711,708,103,486,1,41,0,54,23,708,86,468,66,1,41,0,31,15,68.6440677966102,0.141242937853107,5.7909604519774,0,7.6271186440678,3.24858757062147,9.32203389830508,14.5480225988701,0.0847457627118644,N,N,N
137,12,8,Wu,Mejia,Essaibi-George,Flaherty,41,31,58,55,9,35,12,48,290,1,20,1208,Y,109,1208,950,82,668,8,3,0,146,43,950,33,630,244,8,3,0,10,22,70.3157894736842,0.842105263157895,0.315789473684211,0,15.3684210526316,4.52631578947368,25.6842105263158,8.63157894736842,0.0610526315789474,N,N,N
138,1,2,Wu,Essaibi-George,Flaherty,Mejia,72,53,86,55,29,19,42,73,430,1,20,0102,N,2,0102,2071,1520,61,3,42,0,351,94,2071,828,40,1073,2,42,0,53,33,2.94543698696282,0.144857556735876,2.02800579430227,0,16.9483341380975,4.53887011105746,51.8107194591985,73.394495412844,0.0415258329309512,Y,N,N
139,1,6,Wu,St. Guillen,Mejia,Essaibi-George,64,73,89,67,29,14,37,66,446,7,19.9551569506726,0106,N,6,0106,2507,1488,78,16,61,1,749,114,2507,807,59,1479,5,61,0,60,36,3.111288392501,0.638213003589948,2.43318707618668,0.0398883127243718,29.8763462305545,4.54726765057838,58.9948145193458,59.3538093338652,0.0355005983246909,Y,N,N
140,17,6,Wu,Essaibi-George,Mejia,St. Guillen,72,73,127,109,31,53,49,120,637,3,19.9372056514914,1706,Y,161,1706,1526,386,790,10,130,1,137,72,1526,329,745,220,8,130,0,36,58,51.7693315858453,0.655307994757536,8.51900393184797,0.0655307994757536,8.97771952817824,4.71821756225426,14.4167758846658,25.2948885976409,0.0832241153342071,N,N,N
141,17,5,Essaibi-George,Wu,Mejia,Flaherty,32,20,48,38,8,28,16,50,241,1,19.9170124481328,1705,Y,160,1705,981,48,777,9,17,1,86,43,981,20,718,189,3,17,1,6,27,79.2048929663608,0.917431192660551,1.7329255861366,0.101936799184506,8.76656472986748,4.38328236493374,19.2660550458716,4.89296636085627,0.0489296636085627,N,N,N
142,2,6,Flaherty,Wu,Murphy,Essaibi-George,247,78,215,38,203,77,46,168,1083,11,19.8522622345337,0206,N,21,0206,2278,2014,40,3,161,1,29,30,2278,1968,34,94,2,160,1,1,18,1.75592625109745,0.131694468832309,7.06760316066725,0.0438981562774364,1.27304653204565,1.31694468832309,4.12642669007902,88.4108867427568,0.0943810359964881,Y,N,N
143,18,21,Wu,Flaherty,Essaibi-George,Mejia,160,58,169,125,37,103,43,154,855,6,19.766081871345,1821,Y,190,1821,2119,111,1810,11,2,0,123,62,2119,61,1748,237,7,1,0,20,45,85.4176498348277,0.519112789051439,0.0943841434638981,0,5.80462482302973,2.92590844738084,11.1845210004719,5.23831996224634,0.0797546012269939,N,N,N
144,17,4,Wu,Flaherty,Essaibi-George,Garrison,191,60,203,105,80,122,83,180,1028,4,19.7470817120623,1704,Y,159,1704,2105,514,1236,10,160,0,102,83,2105,492,1190,145,10,158,0,45,65,58.7173396674584,0.475059382422803,7.60095011876485,0,4.84560570071259,3.94299287410926,6.88836104513064,24.4180522565321,0.096437054631829,N,N,N
145,15,2,Wu,Essaibi-George,Mejia,Flaherty,32,16,43,36,11,29,9,42,218,0,19.7247706422018,1502,Y,136,1502,1270,74,787,5,8,0,297,99,1270,34,749,206,3,8,0,176,94,61.9685039370079,0.393700787401575,0.62992125984252,0,23.3858267716535,7.79527559055118,16.2204724409449,5.82677165354331,0.0338582677165354,N,N,N
146,15,7,Wu,Mejia,Essaibi-George,St. Guillen,33,36,62,58,18,34,20,56,317,0,19.5583596214511,1507,Y,141,1507,1305,165,660,3,22,0,329,126,1305,126,608,222,1,21,0,228,99,50.5747126436782,0.229885057471264,1.68582375478927,0,25.2107279693487,9.6551724137931,17.0114942528736,12.6436781609195,0.0475095785440613,N,N,N
147,22,12,Flaherty/Wu,Flaherty/Wu,Essaibi-George,St. Guillen,155,86,155,69,85,71,38,135,795,1,19.4968553459119,2212,N,253,2212,1646,1007,164,8,242,1,158,66,1646,903,138,299,5,242,0,29,30,9.96354799513973,0.486026731470231,14.7023086269745,0.0607533414337789,9.59902794653706,4.0097205346294,18.1652490886999,61.1786148238153,0.0941676792223572,Y,N,N
148,14,7,Wu,Essaibi-George,Mejia,Flaherty,50,32,65,57,9,40,15,61,334,5,19.4610778443114,1407,Y,127,1407,1388,94,1085,7,10,0,126,66,1388,20,1016,286,7,7,0,11,41,78.1700288184438,0.504322766570605,0.720461095100865,0,9.07780979827089,4.75504322766571,20.6051873198847,6.77233429394813,0.0468299711815562,N,N,N
149,14,12,Flaherty,Wu,Essaibi-George,Mejia,52,20,51,36,7,34,13,50,263,0,19.3916349809886,1412,Y,132,1412,809,28,680,1,9,0,74,17,809,3,646,121,1,9,0,25,4,84.0543881334982,0.123609394313968,1.11248454882571,0,9.14709517923362,2.10135970333745,14.9567367119901,3.4610630407911,0.0630407911001236,N,N,N
150,14,2,Wu,Flaherty,Essaibi-George,Mejia,142,55,151,121,23,110,42,131,780,5,19.3589743589744,1402,Y,122,1402,2695,142,2164,17,10,0,235,127,2695,42,2041,450,11,10,0,62,79,80.2968460111317,0.630797773654917,0.371057513914657,0,8.71985157699443,4.71243042671614,16.6975881261596,5.26901669758813,0.0560296846011132,N,N,N
151,18,2,Wu,Essaibi-George,Flaherty,Mejia,102,57,120,93,38,61,34,114,620,1,19.3548387096774,1802,Y,171,1802,1772,46,1598,8,17,1,51,51,1772,22,1544,131,4,16,0,12,43,90.1805869074492,0.451467268623025,0.959367945823928,0.0564334085778781,2.87810383747178,2.87810383747178,7.39277652370203,2.59593679458239,0.0677200902934537,N,N,N
152,1,7,Wu,Essaibi-George,Flaherty,Mejia,69,67,84,68,18,21,33,75,435,0,19.3103448275862,0107,N,7,0107,2388,1407,108,11,72,0,652,138,2388,709,76,1451,6,72,0,43,31,4.52261306532663,0.460636515912898,3.01507537688442,0,27.3031825795645,5.77889447236181,60.7621440536013,58.9195979899497,0.0351758793969849,N,N,Y
153,17,1,Wu,Essaibi-George,Flaherty,Mejia,53,26,66,52,15,50,21,57,342,2,19.2982456140351,1701,Y,156,1701,1313,132,961,16,4,0,132,68,1313,44,927,243,4,4,0,32,59,73.1911652703732,1.21858339680122,0.304645849200305,0,10.0533130236101,5.17897943640518,18.5072353389185,10.0533130236101,0.0502665651180503,N,N,N
154,9,3,Wu,Essaibi-George,Mejia,Flaherty,188,156,246,198,63,113,87,216,1278,11,19.2488262910798,0903,Y,80,0903,3652,1396,1415,13,204,3,428,193,3652,1069,1228,1041,8,203,1,18,84,38.7458926615553,0.355969331872946,5.58598028477547,0.0821467688937568,11.7196056955093,5.28477546549836,28.5049288061336,38.2256297918949,0.0673603504928806,N,N,N
155,10,7,Mejia,Wu,St. Guillen,Flaherty,89,103,135,181,18,34,51,88,703,4,19.203413940256,1007,N,89,1007,1809,582,580,26,43,0,435,143,1809,234,457,1030,5,42,0,14,27,32.0619126589276,1.43725815367606,2.37700386954118,0,24.0464344941957,7.90491984521835,56.9375345494748,32.1724709784411,0.0746268656716418,N,N,Y
156,9,1,Mejia,Wu,Flaherty,St. Guillen,120,108,159,175,38,52,66,108,830,4,19.1566265060241,0901,N,78,0901,2092,1030,302,11,436,1,248,64,2092,748,247,633,3,435,0,4,22,14.4359464627151,0.525812619502868,20.8413001912046,0.0478011472275335,11.8546845124283,3.05927342256214,30.2581261950287,49.2351816443595,0.0760038240917782,Y,N,N
157,17,12,Essaibi-George,Wu,Flaherty,Mejia,77,40,88,51,39,41,22,99,460,3,19.1304347826087,1712,Y,167,1712,1011,132,750,2,45,0,45,37,1011,120,729,76,2,42,0,16,26,74.1839762611276,0.19782393669634,4.45103857566766,0,4.45103857566766,3.65974282888229,7.51730959446093,13.0563798219585,0.0870425321463897,N,N,N
158,15,9,Flaherty/Wu,Flaherty/Wu,Mejia/Essaibi-George,Mejia/Essaibi-George,96,47,96,64,42,45,45,64,502,3,19.1235059760956,1509,Y,143,1509,1362,266,472,5,353,1,200,65,1362,239,457,181,3,351,0,90,41,34.654919236417,0.367107195301028,25.9177679882526,0.0734214390602056,14.6842878120411,4.77239353891336,13.2892804698972,19.5301027900147,0.0704845814977974,N,N,N
159,18,13,Wu,Flaherty,Essaibi-George,Mejia,80,43,88,67,32,38,33,76,461,4,19.0889370932755,1813,Y,182,1813,1147,381,578,3,33,0,116,36,1147,286,546,246,2,33,0,13,21,50.3923278116826,0.2615518744551,2.8770706190061,0,10.1133391455972,3.1386224934612,21.4472537053182,33.2170880557977,0.0767218831734961,N,N,N
160,16,3,Essaibi-George,Wu,Flaherty,Mejia,99,62,123,85,59,43,46,124,645,4,19.0697674418605,1603,Y,146,1603,1745,341,736,5,475,0,109,79,1745,313,709,122,2,475,0,58,66,42.1776504297994,0.286532951289398,27.2206303724928,0,6.24641833810888,4.52722063037249,6.99140401146132,19.541547277937,0.070487106017192,N,N,N
161,1,10,Wu,Flaherty/Essaibi-George,Flaherty/Essaibi-George,St. Guillen,45,38,49,33,13,14,22,45,259,0,18.9189189189189,0110,N,10,0110,1862,1176,43,8,64,1,473,97,1862,552,38,1165,0,62,1,38,6,2.3093447905478,0.429645542427497,3.43716433941998,0.0537056928034372,25.4027926960258,5.2094522019334,62.5671321160043,63.1578947368421,0.0263157894736842,Y,N,N
162,14,13,Essaibi-George,Wu,Garrison,Flaherty,59,27,73,50,19,62,21,76,387,0,18.8630490956072,1413,Y,133,1413,1206,38,1024,6,11,0,73,54,1206,18,973,149,1,11,0,17,37,84.9087893864013,0.497512437810945,0.912106135986733,0,6.0530679933665,4.47761194029851,12.3548922056385,3.15091210613599,0.060530679933665,N,N,N
163,1,9,Wu,Mejia/Essaibi-George,Mejia/Essaibi-George,St. Guillen,64,65,79,69,17,24,27,69,420,6,18.8095238095238,0109,N,9,0109,2086,1387,63,8,41,0,496,91,2086,734,44,1216,1,38,0,30,23,3.02013422818792,0.383509108341323,1.96548418024928,0,23.777564717162,4.36241610738255,58.2933844678811,66.4908916586769,0.0378715244487057,Y,N,N
164,15,1,Mejia,Wu,Essaibi-George,Flaherty,50,32,63,68,8,34,16,59,335,5,18.8059701492537,1501,Y,135,1501,1938,266,969,9,44,0,507,143,1938,130,874,554,7,44,0,223,106,50,0.464396284829721,2.27038183694531,0,26.1609907120743,7.37874097007224,28.5861713106295,13.7254901960784,0.0325077399380805,N,N,N
165,1,3,Wu,Essaibi-George,Flaherty,Mejia,173,144,207,167,63,59,103,174,1101,11,18.8010899182561,0103,N,3,0103,3179,1989,278,10,228,0,494,180,3179,1275,212,1314,5,227,0,57,89,8.74488832966342,0.314564328405159,7.17206668763762,0,15.5394778232149,5.66215791129286,41.3337527524379,62.5668449197861,0.0651148159798679,Y,N,N
166,20,11,Wu,Essaibi-George,Flaherty,Murphy,120,96,156,68,99,83,49,154,830,5,18.7951807228916,2011,N,216,2011,816,732,22,0,40,1,7,14,816,708,18,35,0,40,1,1,13,2.69607843137255,0,4.90196078431373,0.122549019607843,0.857843137254902,1.7156862745098,4.28921568627451,89.7058823529412,0.191176470588235,Y,N,N
167,13,2,Wu,Mejia,Flaherty,Essaibi-George,33,14,37,34,10,27,10,29,197,3,18.7817258883249,1302,Y,112,1302,673,82,389,19,10,1,114,58,673,14,351,232,2,8,0,28,38,57.8008915304606,2.82317979197623,1.48588410104012,0.148588410104012,16.9390787518574,8.61812778603269,34.4725111441308,12.184249628529,0.0549777117384844,N,N,N
168,13,9,Wu,Essaibi-George,Flaherty,Murphy,97,59,116,58,77,50,43,114,619,5,18.7399030694669,1309,N,119,1309,1683,742,249,7,429,5,185,66,1683,692,228,170,6,428,0,103,56,14.795008912656,0.41592394533571,25.4901960784314,0.29708853238265,10.992275698158,3.92156862745098,10.1010101010101,44.0879382055853,0.0689245395127748,Y,N,N
169,20,15,Flaherty,Wu,Essaibi-George,Murphy,205,77,178,71,128,94,44,152,951,2,18.7171398527865,2015,N,220,2015,2041,1593,160,7,186,0,69,26,2041,1525,140,154,4,185,0,8,25,7.83929446349828,0.34296913277805,9.11317981381676,0,3.38069573738364,1.27388535031847,7.5453209211171,78.0499755022048,0.0872121509064184,Y,N,N
170,1,5,Wu,Essaibi-George,Flaherty,St. Guillen,65,57,78,50,35,18,41,70,417,3,18.705035971223,0105,N,5,0105,2888,1659,77,22,76,5,896,153,2888,969,47,1664,1,74,0,93,40,2.66620498614958,0.761772853185596,2.63157894736842,0.173130193905817,31.0249307479224,5.29778393351801,57.617728531856,57.4445983379501,0.0270083102493075,N,N,Y
171,9,4,Flaherty,Wu,Mejia,Essaibi-George,129,70,125,101,30,78,39,89,669,8,18.6846038863976,0904,N,81,0904,4580,2516,1102,31,402,0,354,175,4580,2235,981,834,16,401,0,23,90,24.061135371179,0.676855895196507,8.77729257641921,0,7.7292576419214,3.82096069868996,18.2096069868996,54.9344978165939,0.027292576419214,Y,N,N
172,14,4,Wu,Essaibi-George,Flaherty,Mejia,58,28,65,51,15,51,14,64,348,2,18.6781609195402,1404,Y,124,1404,1654,124,1230,10,15,0,203,72,1654,49,1146,353,8,15,0,39,44,74.3651753325272,0.60459492140266,0.90689238210399,0,12.273276904474,4.35308343409915,21.3422007255139,7.49697702539299,0.0392986698911729,N,N,N
173,12,7,Flaherty/Wu,Flaherty/Wu,Mejia,Essaibi-George,175,87,175,150,37,114,55,143,942,6,18.5774946921444,1207,Y,108,1207,3079,386,2016,22,19,0,507,129,3079,186,1876,914,15,18,0,12,58,65.4758038324131,0.714517700552127,0.617083468658655,0,16.4663851899967,4.18967197141929,29.6849626502111,12.5365378369601,0.0568366352711919,N,N,N
174,15,8,Flaherty,Wu,Mejia/Essaibi-George,Mejia/Essaibi-George,85,28,72,56,31,42,17,56,388,1,18.5567010309278,1508,Y,142,1508,1319,208,562,6,302,2,169,70,1319,133,531,236,6,300,2,56,55,42.6080363912055,0.45489006823351,22.89613343442,0.151630022744503,12.8127369219105,5.30705079605762,17.8923426838514,15.7695223654283,0.0545868081880212,N,N,N
175,17,7,Mejia,Wu,Flaherty,Garrison,38,28,50,57,3,35,23,33,270,3,18.5185185185185,1707,Y,162,1707,803,44,684,4,10,0,28,33,803,40,660,59,3,10,0,12,19,85.1805728518057,0.49813200498132,1.2453300124533,0,3.48692403486924,4.10958904109589,7.34744707347447,5.47945205479452,0.062266500622665,N,N,N
176,18,17,Flaherty,Wu,Essaibi-George,Murphy,193,68,174,113,130,79,28,151,940,4,18.5106382978723,1817,Y,186,1817,1650,689,665,10,44,1,171,70,1650,576,616,374,4,44,1,7,28,40.3030303030303,0.606060606060606,2.66666666666667,0.0606060606060606,10.3636363636364,4.24242424242424,22.6666666666667,41.7575757575758,0.105454545454545,Y,N,N
177,14,10,Flaherty,Wu,Essaibi-George,Garrison,89,28,72,45,19,51,25,60,389,0,18.5089974293059,1410,Y,130,1410,1937,205,1254,12,17,3,350,96,1937,26,1131,661,9,16,3,36,55,64.7392875580795,0.619514713474445,0.877645844088797,0.154878678368611,18.0691791430047,4.95611770779556,34.1249354672173,10.5833763551884,0.0371708828084667,N,N,N
178,7,10,Flaherty,Wu,Mejia,Essaibi-George,72,30,71,65,19,46,17,64,385,1,18.4415584415584,0710,Y,70,0710,1847,325,584,6,47,2,686,197,1847,206,540,377,3,46,1,504,170,31.6188413643747,0.324851109907959,2.54466702761234,0.108283703302653,37.14131023281,10.6659447753113,20.4114780725501,17.5961017866811,0.0384407146724418,N,N,N
179,16,6,Wu,Essaibi-George,Flaherty,Murphy,130,68,159,111,121,61,55,154,864,5,18.4027777777778,1606,Y,149,1606,2277,580,881,4,577,1,146,88,2277,502,816,260,3,577,1,57,61,38.6912604303909,0.175669740887132,25.3403601229688,0.043917435221783,6.41194554238032,3.86473429951691,11.4185331576636,25.4721124286342,0.069828722002635,N,N,N
180,15,6,Flaherty,Wu,Essaibi-George,Murphy,95,27,78,43,51,29,26,74,424,1,18.3962264150943,1506,N,140,1506,1038,329,154,1,459,0,57,38,1038,313,144,75,1,459,0,11,35,14.8362235067437,0.0963391136801541,44.2196531791908,0,5.49132947976879,3.66088631984586,7.22543352601156,31.6955684007707,0.0751445086705202,N,Y,N
181,18,18,Flaherty,Wu,Essaibi-George,Mejia,221,94,190,121,108,88,52,159,1035,2,18.3574879227053,1818,Y,187,1818,2356,1007,985,6,17,4,253,84,2356,827,913,537,4,17,0,16,42,41.8081494057725,0.254668930390492,0.721561969439728,0.169779286926995,10.7385398981324,3.56536502546689,22.7928692699491,42.741935483871,0.0806451612903226,Y,N,N
182,7,5,Flaherty,Wu,Murphy,Essaibi-George,124,29,90,29,76,52,19,72,491,0,18.3299389002037,0705,N,65,0705,1905,1407,177,5,157,2,107,50,1905,1338,138,229,3,154,2,17,24,9.29133858267716,0.26246719160105,8.24146981627297,0.10498687664042,5.61679790026247,2.6246719160105,12.0209973753281,73.8582677165354,0.047244094488189,Y,N,N
183,20,12,Wu,Essaibi-George,Flaherty,St. Guillen,162,140,185,56,134,82,68,176,1010,7,18.3168316831683,2012,N,217,2012,1044,989,15,0,30,0,5,5,1044,974,14,23,0,30,0,0,3,1.4367816091954,0,2.8735632183908,0,0.478927203065134,0.478927203065134,2.20306513409962,94.7318007662835,0.1772030651341,Y,N,N
184,14,14,Wu,Mejia,Essaibi-George,Flaherty,68,30,78,73,15,53,38,69,426,2,18.3098591549296,1414,Y,134,1414,1350,10,1203,3,5,0,86,43,1350,5,1127,179,2,5,0,3,29,89.1111111111111,0.222222222222222,0.37037037037037,0,6.37037037037037,3.18518518518519,13.2592592592593,0.740740740740741,0.0577777777777778,N,N,N
185,13,5,Wu,Essaibi-George,Mejia,Flaherty,55,33,71,61,24,48,27,69,388,0,18.298969072165,1305,Y,115,1305,1352,334,529,5,11,2,346,125,1352,263,483,284,1,11,2,206,102,39.1272189349112,0.369822485207101,0.813609467455621,0.14792899408284,25.5917159763314,9.24556213017751,21.0059171597633,24.7041420118343,0.0525147928994083,N,N,N
186,18,1,Essaibi-George,Wu,Flaherty,Mejia,194,123,214,163,49,112,77,232,1170,6,18.2905982905983,1801,Y,170,1801,2382,221,1849,20,28,0,174,90,2382,166,1748,358,9,28,0,22,51,77.6238455079765,0.839630562552477,1.17548278757347,0,7.30478589420655,3.77833753148615,15.0293870696893,9.27791771620487,0.089840470193115,N,N,N
187,20,17,Essaibi-George,Wu,Flaherty,Murphy,236,138,250,68,218,121,68,256,1367,12,18.2882223847842,2017,N,222,2017,1926,1763,55,1,84,0,6,17,1926,1708,52,70,0,84,0,0,12,2.85565939771547,0.0519210799584631,4.3613707165109,0,0.311526479750779,0.882658359293873,3.63447559709242,91.5368639667705,0.129802699896158,Y,N,N
188,1,13,Flaherty,Wu/Essaibi-George,Wu/Essaibi-George,Mejia,176,66,134,68,60,53,32,134,733,10,18.281036834925,0113,N,13,0113,2624,1792,226,10,99,0,392,105,2624,1192,178,1099,5,95,0,28,27,8.61280487804878,0.38109756097561,3.77286585365854,0,14.9390243902439,4.0015243902439,41.8826219512195,68.2926829268293,0.0510670731707317,Y,N,N
189,10,1,Flaherty,Wu,Essaibi-George,Mejia,123,71,106,84,22,47,30,98,581,0,18.2444061962134,1001,N,83,1001,888,264,261,11,138,0,172,42,888,159,232,333,9,138,0,0,17,29.3918918918919,1.23873873873874,15.5405405405405,0,19.3693693693694,4.72972972972973,37.5,29.7297297297297,0.119369369369369,N,N,Y
190,8,5,Mejia,Wu,Flaherty,Essaibi-George,79,30,81,86,15,59,27,62,444,5,18.2432432432432,0805,Y,75,0805,1638,124,659,8,40,4,613,190,1638,59,610,290,4,38,3,477,157,40.2319902319902,0.488400488400488,2.44200244200244,0.244200244200244,37.4236874236874,11.5995115995116,17.7045177045177,7.57020757020757,0.0494505494505494,N,N,N
191,20,14,Essaibi-George,Wu,Flaherty,Murphy,164,87,180,54,157,79,65,197,987,4,18.2370820668693,2014,N,219,2014,915,845,18,1,36,0,6,9,915,828,13,28,1,36,0,1,8,1.9672131147541,0.109289617486339,3.9344262295082,0,0.655737704918033,0.983606557377049,3.06010928961749,92.3497267759563,0.19672131147541,Y,N,N
192,17,2,Essaibi-George,Wu,Mejia,Flaherty,46,32,62,48,19,41,23,68,340,1,18.2352941176471,1702,Y,157,1702,983,85,617,6,93,2,124,56,983,55,563,176,1,91,0,51,46,62.7670396744659,0.610376398779247,9.46083418107833,0.203458799593082,12.6144455747711,5.69684638860631,17.9043743641912,8.646998982706,0.0630722278738555,N,N,N
193,14,1,Essaibi-George,Wu,Flaherty,Mejia,121,58,124,119,17,75,42,125,681,0,18.208516886931,1401,Y,121,1401,2866,279,1824,19,37,5,557,145,2866,48,1688,920,9,35,1,93,72,63.6427076064201,0.662944870900209,1.29099790648988,0.174459176552687,19.4347522679693,5.05931612002791,32.1004884856943,9.73482205163992,0.0432658757850663,N,N,N
194,18,4,Flaherty,Wu,Essaibi-George,Mejia,137,73,129,120,23,64,37,125,712,4,18.1179775280899,1804,Y,173,1804,2024,96,1764,5,9,0,95,55,2024,70,1711,168,5,9,0,21,40,87.1541501976285,0.24703557312253,0.444664031620553,0,4.69367588932806,2.71739130434783,8.300395256917,4.74308300395257,0.0637351778656127,N,N,N
195,20,20,Essaibi-George,Wu,Flaherty,Murphy,205,121,207,68,165,84,75,209,1143,9,18.1102362204724,2020,N,225,2020,2367,1882,102,1,283,0,50,49,2367,1796,97,135,1,283,0,15,40,4.30925221799747,0.042247570764681,11.9560625264047,0,2.11237853823405,2.07013096746937,5.70342205323194,79.5099281791297,0.0874524714828897,Y,N,N
196,13,6,Essaibi-George,Wu,Flaherty,Mejia,107,50,114,63,58,50,32,150,630,6,18.0952380952381,1306,N,116,1306,1615,587,458,7,125,3,334,101,1615,517,420,272,4,125,3,196,78,28.359133126935,0.43343653250774,7.73993808049536,0.185758513931888,20.6811145510836,6.25386996904025,16.8421052631579,36.3467492260062,0.0705882352941176,Y,N,N
197,20,18,Essaibi-George,Wu,St. Guillen,Flaherty,100,105,134,52,97,55,49,150,743,1,18.0349932705249,2018,N,223,2018,1041,908,48,7,59,0,8,11,1041,880,45,45,2,59,0,5,5,4.61095100864553,0.672430355427474,5.66762728146013,0,0.768491834774256,1.0566762728146,4.32276657060519,87.223823246878,0.128722382324688,Y,N,N
198,16,1,Essaibi-George,Wu,Flaherty,Mejia,63,41,85,60,58,40,30,88,472,7,18.0084745762712,1601,N,144,1601,1581,388,444,5,566,0,125,53,1581,327,419,192,4,561,0,35,43,28.0834914611006,0.316255534471853,35.8001265022138,0,7.90638836179633,3.35230866540165,12.1442125237192,24.5414294750158,0.053763440860215,N,Y,N
199,17,8,Mejia,Wu,Essaibi-George,Flaherty,72,40,86,90,25,56,28,81,478,0,17.9916317991632,1708,Y,163,1708,1261,100,1002,9,10,0,91,49,1261,59,958,191,2,10,0,14,27,79.4607454401269,0.713719270420301,0.793021411578113,0,7.21649484536082,3.88580491673275,15.146708961142,7.93021411578112,0.0681998413957177,N,N,N
200,12,5,Wu,Flaherty,Garrison,Mejia,74,41,82,65,16,68,33,62,456,15,17.9824561403509,1205,Y,106,1205,860,48,684,10,2,0,86,30,860,15,655,151,6,1,0,12,20,79.5348837209302,1.16279069767442,0.232558139534884,0,10,3.48837209302326,17.5581395348837,5.58139534883721,0.0953488372093023,N,N,N
201,8,7,Wu,Garrison,Mejia,Essaibi-George,48,38,64,54,16,58,27,51,356,0,17.9775280898876,0807,Y,77,0807,1084,183,635,11,10,0,156,89,1084,71,580,326,5,10,0,38,54,58.5793357933579,1.01476014760148,0.922509225092251,0,14.3911439114391,8.21033210332103,30.0738007380074,16.8819188191882,0.0590405904059041,N,N,N
202,20,13,Wu,Essaibi-George,Flaherty,St. Guillen,134,111,142,41,106,73,42,141,792,2,17.9292929292929,2013,N,218,2013,952,858,19,0,56,1,12,6,952,842,19,29,0,56,1,3,2,1.99579831932773,0,5.88235294117647,0.105042016806723,1.26050420168067,0.630252100840336,3.04621848739496,90.1260504201681,0.149159663865546,Y,N,N
203,20,3,Flaherty,Wu/Essiabi-George,Wu/Essiabi-George,Garrison,158,71,142,65,85,95,30,142,793,5,17.906683480454,2003,N,208,2003,1967,1118,543,4,121,0,133,48,1967,1001,508,298,4,121,0,7,28,27.6054905948144,0.203355363497712,6.1514997458058,0,6.76156583629893,2.44026436197255,15.1499745805796,56.8378240976106,0.0721911540416879,Y,N,N
204,17,10,Essaibi-George,Wu,Flaherty,Mejia,79,39,84,77,16,60,23,86,470,6,17.8723404255319,1710,Y,165,1710,1842,111,1537,5,13,0,116,60,1842,68,1471,197,4,13,0,37,52,83.4419109663409,0.271444082519001,0.705754614549403,0,6.29750271444083,3.25732899022801,10.6948968512486,6.02605863192182,0.0456026058631922,N,N,N
205,8,4,Flaherty/Mejia,Flaherty/Mejia,Wu,Essaibi-George,43,19,42,43,6,33,9,40,235,0,17.8723404255319,0804,Y,74,0804,664,75,392,5,11,0,142,39,664,21,352,239,5,11,0,19,17,59.0361445783133,0.753012048192771,1.6566265060241,0,21.3855421686747,5.87349397590361,35.9939759036145,11.2951807228916,0.0632530120481928,N,N,N
206,13,4,Essaibi-George,Wu,Flaherty/Mejia,Flaherty/Mejia,62,29,68,62,9,52,17,75,381,7,17.8477690288714,1304,Y,114,1304,1261,188,717,8,10,0,238,100,1261,82,668,370,5,10,0,62,64,56.8596352101507,0.63441712926249,0.793021411578113,0,18.8739095955591,7.93021411578112,29.3417922283902,14.9088025376685,0.0539254559873117,N,N,N
207,15,3,Flaherty,Wu,Mejia,Essaibi-George,32,12,28,26,6,19,9,25,157,0,17.8343949044586,1503,Y,137,1503,875,75,418,3,31,0,260,88,875,56,383,164,3,28,0,163,78,47.7714285714286,0.342857142857143,3.54285714285714,0,29.7142857142857,10.0571428571429,18.7428571428571,8.57142857142857,0.032,N,N,N
208,16,4,Essaibi-George,Wu,Murphy,Flaherty,96,58,111,62,97,46,39,113,624,2,17.7884615384615,1604,Y,147,1604,2177,685,688,9,481,0,211,103,2177,624,657,210,5,477,0,120,84,31.6031235645384,0.41341295360588,22.0946256316031,0,9.69223702342673,4.73128158015618,9.64630225080386,31.4653192466697,0.0509875976113918,N,N,N
209,20,19,Flaherty/Essaibi-George,Flaherty/Essaibi-George,Wu,Murphy,152,85,145,40,122,89,32,152,818,1,17.7261613691932,2019,N,224,2019,1038,961,11,0,56,0,4,6,1038,927,10,41,0,56,0,2,2,1.0597302504817,0,5.39499036608863,0,0.385356454720617,0.578034682080925,3.94990366088632,92.5818882466281,0.139691714836224,Y,N,N
210,4,9,Mejia,Wu,St. Guillen,Flaherty,25,35,37,44,10,14,23,22,210,0,17.6190476190476,0409,N,39,0409,4347,3085,411,13,450,3,223,162,4347,2822,368,573,6,447,3,9,119,9.45479641131815,0.299056820795951,10.351966873706,0.0690131124913734,5.12997469519209,3.72670807453416,13.1815044858523,70.9684840119623,0.00851161720726938,Y,N,N
211,20,10,Flaherty,Essaibi-George,Wu,Murphy,289,136,253,67,224,135,62,274,1443,3,17.5329175329175,2010,N,215,2010,1488,1248,71,0,95,1,53,20,1488,1191,60,122,0,94,1,8,12,4.77150537634409,0,6.38440860215054,0.0672043010752688,3.56182795698925,1.34408602150538,8.1989247311828,83.8709677419355,0.17002688172043,Y,N,N
212,17,13,Essaibi-George,Wu,Flaherty,Murphy,168,90,170,100,118,93,47,187,976,3,17.4180327868852,1713,N,168,1713,1535,840,458,2,121,0,52,62,1535,812,440,96,2,120,0,14,51,29.8371335504886,0.13029315960912,7.88273615635179,0,3.38762214983713,4.03908794788274,6.25407166123779,54.7231270358306,0.110749185667752,Y,N,N
213,14,6,Essaibi-George,Flaherty,Wu,Mejia,62,29,60,54,12,49,16,63,345,0,17.3913043478261,1406,Y,126,1406,1174,75,947,4,6,1,89,52,1174,41,878,211,2,6,0,11,25,80.664395229983,0.340715502555366,0.511073253833049,0.0851788756388416,7.5809199318569,4.42930153321976,17.9727427597956,6.38841567291312,0.0511073253833049,N,N,N
214,6,2,Flaherty,Wu,Essaibi-George,Murphy,138,44,87,27,64,36,22,80,502,4,17.3306772908367,0602,N,53,0602,1387,1089,85,1,102,0,90,20,1387,1055,66,143,1,97,0,11,14,6.12833453496756,0.0720980533525595,7.35400144196107,0,6.48882480173035,1.44196106705119,10.310021629416,78.5147801009373,0.0627253064167267,Y,N,N
215,20,16,Flaherty,Essaibi-George,Wu,Murphy,235,119,205,47,178,138,46,213,1184,3,17.3141891891892,2016,N,221,2016,2031,1704,87,2,164,2,45,27,2031,1640,79,126,0,164,1,8,13,4.28360413589365,0.0984736582964057,8.07483998030527,0.0984736582964057,2.21565731166913,1.32939438700148,6.20384047267356,83.8995568685377,0.100935499753816,Y,N,N
216,8,6,Mejia,Flaherty,Wu,Essaibi-George,27,14,24,29,1,13,8,22,140,2,17.1428571428571,0806,Y,76,0806,681,144,214,0,10,0,256,57,681,105,186,115,0,10,0,215,50,31.424375917768,0,1.46842878120411,0,37.5917767988253,8.37004405286344,16.8869309838473,21.1453744493392,0.0352422907488987,N,N,N
217,16,5,Murphy,Essaibi-George,Wu,Flaherty,130,47,132,57,167,63,38,135,771,2,17.1206225680934,1605,N,148,1605,1213,723,186,4,178,0,85,37,1213,688,167,126,2,178,0,24,28,15.3338829348722,0.329760923330585,14.6743610882111,0,7.00741962077494,3.05028854080792,10.3874690849134,59.6042868920033,0.108821104699093,Y,N,N
218,13,8,Essaibi-George,Wu,Flaherty,Murphy,94,54,103,56,88,30,39,136,602,2,17.109634551495,1308,N,118,1308,1511,770,187,3,368,4,113,66,1511,719,172,146,3,366,0,49,56,12.3759099933819,0.198544010589014,24.3547319655857,0.264725347452018,7.47849106551952,4.36796823295831,9.66247518199868,50.9596293845136,0.0681667769688948,Y,N,N
219,15,5,Mejia,Wu,Essaibi-George,Flaherty,56,29,69,77,19,55,33,65,404,1,17.0792079207921,1505,Y,139,1505,1661,214,964,13,92,0,261,117,1661,72,878,422,7,92,0,115,75,58.0373269114991,0.78266104756171,5.53883202889825,0,15.7134256472005,7.04394942805539,25.4063816977724,12.8838049367851,0.0415412402167369,N,N,N
220,14,11,Flaherty,Essaibi-George,Wu,Mejia,67,32,61,45,15,42,26,65,358,5,17.0391061452514,1411,Y,131,1411,1307,42,1065,3,10,0,121,66,1307,20,992,224,2,10,0,20,39,81.4843152257077,0.229533282325937,0.765110941086458,0,9.25784238714614,5.04973221117062,17.1384850803367,3.21346595256312,0.0466717674062739,N,N,N
221,1,11,Flaherty,Essaibi-George,Wu,Murphy,157,47,116,43,73,64,42,138,684,4,16.9590643274854,0111,N,11,0111,2722,2141,79,13,87,2,337,63,2722,1610,57,923,0,87,1,19,25,2.90227773695812,0.477590007347539,3.19617927994122,0.0734753857457752,12.3806024981631,2.31447465099192,33.9088905216752,78.6554004408523,0.0426157237325496,Y,N,N
222,13,1,Wu,Mejia,Flaherty,Essaibi-George,99,64,105,101,26,91,33,97,623,7,16.8539325842697,1301,Y,111,1301,1573,134,955,11,12,0,345,116,1573,41,851,458,8,11,0,130,74,60.7120152574698,0.699300699300699,0.762873490146217,0,21.9326128417038,7.3744437380801,29.1163382072473,8.51875397329943,0.066751430387794,N,N,N
223,18,16,Flaherty,Murphy,Wu,Essaibi-George,408,90,300,119,337,175,66,278,1781,8,16.8444693992139,1816,N,185,1816,1733,1194,380,8,39,5,73,34,1733,1118,355,191,2,38,0,7,22,21.9272937103289,0.461627236006924,2.25043277553376,0.288517022504328,4.21234852856319,1.96191575302943,11.0213502596653,68.8978649740335,0.173110213502597,Y,N,N
224,20,5,Flaherty,Murphy,Wu/Essaibi-George,Wu/Essaibi-George,237,91,187,64,195,104,50,187,1120,5,16.6964285714286,2005,N,210,2005,2961,2444,180,6,183,1,106,41,2961,2324,161,245,4,183,1,10,33,6.0790273556231,0.202634245187437,6.18034447821682,0.0337723741979061,3.57987166497805,1.38466734211415,8.274231678487,82.5396825396825,0.0631543397500844,Y,N,N
225,18,20,Flaherty,Essaibi-George,Wu,Murphy,403,82,260,109,257,140,42,265,1568,10,16.5816326530612,1820,N,189,1820,2279,1486,518,5,42,1,169,58,2279,1417,490,254,4,42,1,38,33,22.729267222466,0.219394471259324,1.84291355857832,0.0438788942518649,7.41553312856516,2.54497586660816,11.1452391399737,65.2040368582712,0.114085125054849,Y,N,N
226,14,9,Flaherty,Wu,Essaibi-George,Mejia,42,24,41,36,13,34,14,40,248,4,16.5322580645161,1409,Y,129,1409,1384,102,931,12,17,0,242,80,1384,13,844,459,5,17,0,19,27,67.2687861271676,0.867052023121387,1.22832369942197,0,17.485549132948,5.78034682080925,33.1647398843931,7.36994219653179,0.0296242774566474,N,N,N
227,6,3,Flaherty,Wu,Essaibi-George,Murphy,142,39,88,30,73,49,32,83,539,3,16.3265306122449,0603,N,54,0603,1848,1711,22,10,78,1,8,18,1848,1686,19,38,7,78,1,3,16,1.19047619047619,0.541125541125541,4.22077922077922,0.0541125541125541,0.432900432900433,0.974025974025974,2.05627705627706,92.5865800865801,0.0476190476190476,Y,N,N
228,7,7,Flaherty,Essaibi-George,Wu,Mejia,130,32,76,70,43,29,15,80,478,3,15.8995815899582,0707,N,67,0707,1496,572,404,14,224,3,200,79,1496,363,312,561,6,224,2,5,23,27.0053475935829,0.935828877005348,14.9732620320856,0.200534759358289,13.3689839572192,5.2807486631016,37.5,38.2352941176471,0.0508021390374332,Y,N,N
229,13,10,Essaibi-George,Flaherty,Murphy,Wu,252,95,224,80,230,118,74,336,1417,8,15.8080451658433,1310,N,120,1310,1946,1510,122,0,218,2,46,48,1946,1466,116,95,0,218,2,10,39,6.26927029804728,0,11.20246659815,0.102774922918808,2.36382322713258,2.46659815005139,4.88180883864337,77.5950668036999,0.115107913669065,Y,N,N
230,7,9,Essaibi-George,Flaherty,Wu,Murphy,97,54,85,53,66,40,24,115,538,4,15.7992565055762,0709,N,69,0709,1551,993,159,11,221,1,128,38,1551,937,147,150,7,221,1,60,28,10.2514506769826,0.709219858156028,14.2488716956802,0.0644745325596389,8.25274016763379,2.45003223726628,9.67117988394584,64.0232108317215,0.0548033526756931,Y,N,N
231,16,8,Murphy,Essaibi-George,Flaherty,Wu,222,76,187,75,277,67,47,234,1193,8,15.674769488684,1608,N,151,1608,1548,922,358,7,162,0,42,57,1548,901,331,93,7,161,0,10,45,23.1266149870801,0.452196382428941,10.4651162790698,0,2.71317829457364,3.68217054263566,6.0077519379845,59.5607235142119,0.120801033591731,Y,N,N
232,6,5,Flaherty,Essaibi-George,Wu,Murphy,180,40,115,42,110,90,24,128,734,5,15.6675749318801,0605,N,56,0605,1678,1617,8,2,31,1,11,8,1678,1598,7,28,1,31,1,5,7,0.476758045292014,0.119189511323004,1.84743742550656,0.0595947556615018,0.65554231227652,0.476758045292014,1.66865315852205,96.3647199046484,0.0685339690107271,Y,N,N
233,7,8,Essaibi-George,Flaherty,Wu,Murphy,96,49,83,50,57,43,38,112,530,2,15.6603773584906,0708,N,68,0708,1487,1173,97,3,137,0,59,18,1487,1132,94,99,3,137,0,6,16,6.52320107599193,0.201748486886348,9.21318090114324,0,3.96772024209818,1.21049092131809,6.6577000672495,78.8836583725622,0.0558170813718897,Y,N,N
234,7,6,Flaherty,Essaibi-George,Wu,Murphy,160,36,91,48,75,42,28,99,583,4,15.6089193825043,0706,N,66,0706,1586,1074,160,5,152,1,145,49,1586,992,130,289,1,150,1,6,17,10.0882723833544,0.315258511979824,9.58385876418663,0.0630517023959647,9.14249684741488,3.08953341740227,18.2219419924338,67.7175283732661,0.0573770491803279,Y,N,N
235,15,4,Flaherty,Mejia,Essaibi-George,Wu,87,44,80,85,32,67,32,84,513,2,15.5945419103314,1504,Y,138,1504,2477,366,912,2,389,1,562,245,2477,262,855,397,2,389,0,366,206,36.818732337505,0.080742834073476,15.7044812272911,0.040371417036738,22.6887363746468,9.89099717400081,16.027452563585,14.7759386354461,0.0322971336293904,N,N,N
236,1,14,Flaherty,Wu,Essaibi-George,Mejia,96,19,47,27,24,25,19,43,304,4,15.4605263157895,0114,N,14,0114,820,717,21,1,37,1,29,14,820,613,16,145,0,36,1,1,8,2.5609756097561,0.121951219512195,4.51219512195122,0.121951219512195,3.53658536585366,1.70731707317073,17.6829268292683,87.4390243902439,0.0573170731707317,Y,N,N
237,13,3,Flaherty,Essaibi-George,Wu,Mejia,65,40,59,58,34,32,32,61,384,3,15.3645833333333,1303,N,113,1303,3145,1502,573,16,681,5,279,89,3145,1293,515,547,7,681,5,41,56,18.2193958664547,0.508744038155803,21.6534181240064,0.158982511923688,8.87122416534181,2.82988871224165,17.3926868044515,47.758346581876,0.0187599364069952,Y,N,N
238,7,4,Flaherty,Murphy,Essaibi-George,Wu,134,30,77,33,81,56,18,79,510,2,15.0980392156863,0704,N,64,0704,1829,1576,69,2,75,0,64,43,1829,1540,57,115,2,75,0,20,20,3.77255330781848,0.109349371241115,4.10060142154183,0,3.49917987971569,2.35101148168398,6.28758884636413,86.1673045379989,0.0420995079278294,Y,N,N
239,13,7,Essaibi-George,Flaherty,Wu,Murphy,143,71,111,77,108,46,38,145,742,3,14.9595687331536,1307,N,117,1307,1775,1010,199,1,431,0,79,55,1775,956,189,131,1,431,0,19,48,11.2112676056338,0.0563380281690141,24.2816901408451,0,4.45070422535211,3.09859154929577,7.38028169014085,56.9014084507042,0.0625352112676056,Y,N,N
240,16,2,Flaherty,Murphy,Essaibi-George,Wu,98,37,72,40,87,51,18,80,485,2,14.8453608247423,1602,N,145,1602,961,580,123,2,187,0,49,20,961,546,115,76,1,187,0,24,12,12.7991675338189,0.208116545265349,19.4588969823101,0,5.09885535900104,2.08116545265349,7.90842872008325,60.3537981269511,0.0749219562955255,Y,N,N
241,6,4,Flaherty,Murphy,Essaibi-George,Wu,173,40,89,21,101,64,22,90,602,2,14.7840531561462,0604,N,55,0604,1801,1666,14,4,77,0,12,28,1801,1646,14,40,2,77,0,2,20,0.777345918933926,0.222098833981122,4.27540255413659,0,0.666296501943365,1.55469183786785,2.22098833981122,92.5041643531371,0.0494169905607995,Y,N,N
242,1,12,Flaherty,Essaibi-George,Wu,Garrison,177,45,94,54,48,62,48,101,638,9,14.7335423197492,0112,N,12,0112,1833,1516,33,10,49,0,175,50,1833,1231,26,476,8,49,0,24,19,1.80032733224223,0.545553737043099,2.67321331151118,0,9.54719039825423,2.72776868521549,25.9683578832515,82.7059465357338,0.0512820512820513,Y,N,N
243,16,11,Flaherty,Essaibi-George,Murphy,Wu,229,64,161,72,213,112,45,221,1117,0,14.4136078782453,1611,N,154,1611,1575,1084,283,5,140,0,33,30,1575,1049,272,78,5,135,0,14,22,17.968253968254,0.317460317460317,8.88888888888889,0,2.09523809523809,1.90476190476191,4.95238095238095,68.8253968253968,0.102222222222222,Y,N,N
244,6,6,Flaherty,Murphy,Essaibi-George,Wu,283,30,116,18,160,90,16,122,842,7,13.7767220902613,0606,N,57,0606,1503,1459,14,1,13,0,6,10,1503,1453,12,12,1,13,0,4,8,0.931470392548237,0.0665335994677312,0.864936793080506,0,0.399201596806387,0.665335994677312,0.798403193612774,97.0725216234198,0.0771789753825682,Y,N,N
245,16,7,Murphy,Flaherty,Essaibi-George,Wu,211,39,136,45,252,85,26,210,1008,4,13.4920634920635,1607,N,150,1607,1361,1032,184,3,93,2,36,11,1361,1006,170,61,2,91,2,19,10,13.5194709772226,0.220426157237326,6.83321087435709,0.14695077149155,2.64511388684791,0.808229243203527,4.48199853049228,75.82659808964,0.0999265246142542,Y,N,N
246,7,3,Flaherty,Murphy,Essaibi-George,Wu,311,35,124,25,171,113,27,146,959,7,12.9301355578728,0703,N,63,0703,2133,2048,15,2,32,0,18,18,2133,2019,15,48,2,31,0,2,16,0.70323488045007,0.093764650726676,1.50023441162682,0,0.843881856540084,0.843881856540084,2.25035161744022,96.0150023441163,0.0581340834505391,Y,N,N
247,6,8,Flaherty,Essaibi-George,Murphy,Garrison,239,23,95,14,125,98,15,126,743,8,12.78600269179,0608,N,59,0608,1545,1518,3,1,10,0,3,10,1545,1512,3,10,1,9,0,0,10,0.194174757281553,0.0647249190938511,0.647249190938511,0,0.194174757281553,0.647249190938511,0.647249190938511,98.252427184466,0.0614886731391586,Y,N,N
248,16,10,Murphy,Flaherty,Essaibi-George,Wu,161,28,83,22,173,61,22,145,695,0,11.9424460431655,1610,N,153,1610,1559,1191,184,1,116,2,32,33,1559,1158,174,70,1,116,1,10,29,11.8024374599102,0.064143681847338,7.44066709429121,0.128287363694676,2.05259781911482,2.11674150096216,4.49005772931366,76.3951250801796,0.0532392559332906,Y,N,N
249,6,7,Flaherty,Murphy,Garrison,Essaibi-George,238,32,89,18,145,102,24,101,754,5,11.8037135278515,0607,N,58,0607,1526,1491,7,1,12,2,3,10,1526,1477,7,20,1,12,1,0,8,0.458715596330275,0.0655307994757536,0.786369593709043,0.131061598951507,0.196592398427261,0.655307994757536,1.31061598951507,97.7064220183486,0.0583224115334207,Y,N,N
250,7,2,Flaherty,Murphy,Essaibi-George,Garrison,254,30,91,25,157,94,23,148,825,3,11.030303030303,0702,N,62,0702,1769,1733,9,0,16,1,1,9,1769,1719,9,15,0,16,1,0,9,0.508762012436405,0,0.904465799886942,0.0565291124929339,0.0565291124929339,0.508762012436405,0.847936687394008,97.9649519502544,0.0514414923685698,Y,N,N
251,6,9,Flaherty,Murphy,Essaibi-George,Garrison,244,16,69,11,126,95,13,104,684,6,10.0877192982456,0609,N,60,0609,1572,1543,17,2,1,0,4,5,1572,1530,15,18,2,1,0,1,5,1.08142493638677,0.127226463104326,0.0636132315521628,0,0.254452926208651,0.318066157760814,1.14503816793893,98.1552162849873,0.0438931297709924,Y,N,N
252,7,1,Flaherty,Murphy,Essaibi-George,Garrison,275,23,84,17,154,118,16,153,850,10,9.88235294117647,0701,N,61,0701,1363,1343,2,0,12,0,3,3,1363,1334,2,12,0,12,0,0,3,0.146735143066764,0,0.880410858400587,0,0.220102714600147,0.220102714600147,0.880410858400587,98.5326485693324,0.0616287600880411,Y,N,N
253,16,9,Murphy,Flaherty,Essaibi-George,Garrison,303,34,114,31,338,121,17,240,1202,4,9.48419301164726,1609,N,152,1609,1655,1514,55,3,51,0,15,17,1655,1490,54,45,0,51,0,2,13,3.32326283987915,0.181268882175227,3.08157099697885,0,0.906344410876133,1.02719033232628,2.7190332326284,91.4803625377643,0.0688821752265861,Y,N,N
254,16,12,Flaherty,Murphy,Essaibi-George,Garrison,404,29,115,25,385,161,24,294,1450,13,7.93103448275862,1612,N,155,1612,1289,1208,46,4,16,0,9,6,1289,1197,45,15,4,16,0,6,6,3.56865787432118,0.310318076027929,1.24127230411171,0,0.698215671062839,0.465477114041893,1.16369278510473,93.7160589604345,0.0892164468580295,Y,N,N
255,1,15,,,,,0,0,0,0,0,0,0,0,0,0,,0115,Y,15,0115,530,208,217,2,7,1,78,17,530,165,204,130,2,7,1,13,8,40.9433962264151,0.377358490566038,1.32075471698113,0.188679245283019,14.7169811320755,3.20754716981132,24.5283018867924,39.2452830188679,0,N,N,N
256,,,,,,,33269,22472,41643,22477,16853,16175,13209,34074,,,,,,,,,,,,,,,,,,,,,,,,,,,,,,,,,,,,
257,,,,,,,27,18,27,13,10,14,8,20,,,,,,,,,,,,,,,,,,,,,,,,,,,,,,,,,,,,
