City/Town,Ward,Pct,Edward J. Markey,"Joseph P. Kennedy, III",All Others,Blanks,Total Votes Cast,Total,White,Black or African American,American Indian and Alaska Native,Asian,Native Hawaiian and Other Pacific Islander,Some Other Race,Two or More Races,Total.1,White (alone),Black or African American (alone),Hispanic or Latino (alone),American Indian and Alaska Native (alone),Asian (alone),Native Hawaiian and Other Pacific Islander (alone),Some Other Race/Ethnicity (alone),Two or More Races/Ethnicities (alone),Black Percentage,Native American Percentage,Asian Percentage,Native Hawaiian/Pacific Islander Percentage,Other Race Percentage,Two or more races Percentage,Hispanic Percentage,White Percentage
Boston,1.00,1.00,373.00,170.00,1.00,2.00,546.00,1717.00,1369.00,55.00,7.00,49.00,4.00,173.00,60.00,1717.00,1074.00,38.00,503.00,3.00,45.00,0.00,27.00,27.00,3.20,0.41,2.85,0.23,10.08,3.49,29.30,79.73
Boston,1.00,2.00,244.00,90.00,3.00,5.00,342.00,2071.00,1520.00,61.00,3.00,42.00,0.00,351.00,94.00,2071.00,828.00,40.00,1073.00,2.00,42.00,0.00,53.00,33.00,2.95,0.14,2.03,0.00,16.95,4.54,51.81,73.39
Boston,1.00,3.00,538.00,338.00,1.00,4.00,881.00,3179.00,1989.00,278.00,10.00,228.00,0.00,494.00,180.00,3179.00,1275.00,212.00,1314.00,5.00,227.00,0.00,57.00,89.00,8.74,0.31,7.17,0.00,15.54,5.66,41.33,62.57
Boston,1.00,4.00,200.00,124.00,0.00,1.00,325.00,1884.00,1097.00,57.00,12.00,38.00,1.00,555.00,124.00,1884.00,512.00,43.00,1203.00,6.00,37.00,0.00,59.00,24.00,3.03,0.64,2.02,0.05,29.46,6.58,63.85,58.23
Boston,1.00,5.00,259.00,121.00,1.00,3.00,384.00,2888.00,1659.00,77.00,22.00,76.00,5.00,896.00,153.00,2888.00,969.00,47.00,1664.00,1.00,74.00,0.00,93.00,40.00,2.67,0.76,2.63,0.17,31.02,5.30,57.62,57.44
Boston,1.00,6.00,202.00,121.00,0.00,8.00,331.00,2507.00,1488.00,78.00,16.00,61.00,1.00,749.00,114.00,2507.00,807.00,59.00,1479.00,5.00,61.00,0.00,60.00,36.00,3.11,0.64,2.43,0.04,29.88,4.55,58.99,59.35
Boston,1.00,7.00,267.00,111.00,0.00,10.00,388.00,2388.00,1407.00,108.00,11.00,72.00,0.00,652.00,138.00,2388.00,709.00,76.00,1451.00,6.00,72.00,0.00,43.00,31.00,4.52,0.46,3.02,0.00,27.30,5.78,60.76,58.92
Boston,1.00,8.00,253.00,200.00,0.00,6.00,459.00,2902.00,1700.00,119.00,18.00,191.00,0.00,723.00,151.00,2902.00,912.00,76.00,1669.00,5.00,188.00,0.00,8.00,44.00,4.10,0.62,6.58,0.00,24.91,5.20,57.51,58.58
Boston,1.00,9.00,213.00,136.00,1.00,0.00,350.00,2086.00,1387.00,63.00,8.00,41.00,0.00,496.00,91.00,2086.00,734.00,44.00,1216.00,1.00,38.00,0.00,30.00,23.00,3.02,0.38,1.97,0.00,23.78,4.36,58.29,66.49
Boston,1.00,10.00,131.00,83.00,1.00,3.00,218.00,1862.00,1176.00,43.00,8.00,64.00,1.00,473.00,97.00,1862.00,552.00,38.00,1165.00,0.00,62.00,1.00,38.00,6.00,2.31,0.43,3.44,0.05,25.40,5.21,62.57,63.16
Boston,1.00,11.00,239.00,186.00,2.00,7.00,434.00,2722.00,2141.00,79.00,13.00,87.00,2.00,337.00,63.00,2722.00,1610.00,57.00,923.00,0.00,87.00,1.00,19.00,25.00,2.90,0.48,3.20,0.07,12.38,2.31,33.91,78.66
Boston,1.00,12.00,266.00,180.00,2.00,7.00,455.00,1833.00,1516.00,33.00,10.00,49.00,0.00,175.00,50.00,1833.00,1231.00,26.00,476.00,8.00,49.00,0.00,24.00,19.00,1.80,0.55,2.67,0.00,9.55,2.73,25.97,82.71
Boston,1.00,13.00,283.00,257.00,1.00,6.00,547.00,2624.00,1792.00,226.00,10.00,99.00,0.00,392.00,105.00,2624.00,1192.00,178.00,1099.00,5.00,95.00,0.00,28.00,27.00,8.61,0.38,3.77,0.00,14.94,4.00,41.88,68.29
Boston,1.00,14.00,124.00,109.00,0.00,0.00,233.00,820.00,717.00,21.00,1.00,37.00,1.00,29.00,14.00,820.00,613.00,16.00,145.00,0.00,36.00,1.00,1.00,8.00,2.56,0.12,4.51,0.12,3.54,1.71,17.68,87.44
Boston,1.00,15.00,1.00,0.00,0.00,0.00,1.00,530.00,208.00,217.00,2.00,7.00,1.00,78.00,17.00,530.00,165.00,204.00,130.00,2.00,7.00,1.00,13.00,8.00,40.94,0.38,1.32,0.19,14.72,3.21,24.53,39.25
Boston,2.00,1.00,497.00,351.00,4.00,14.00,866.00,1690.00,1606.00,11.00,0.00,51.00,1.00,15.00,6.00,1690.00,1586.00,9.00,36.00,0.00,51.00,1.00,1.00,6.00,0.65,0.00,3.02,0.06,0.89,0.36,2.13,95.03
Boston,2.00,2.00,534.00,381.00,3.00,24.00,942.00,3716.00,2422.00,367.00,11.00,602.00,7.00,220.00,87.00,3716.00,2182.00,309.00,540.00,5.00,601.00,7.00,22.00,50.00,9.88,0.30,16.20,0.19,5.92,2.34,14.53,65.18
Boston,2.00,3.00,375.00,231.00,1.00,2.00,609.00,1652.00,1594.00,7.00,3.00,24.00,0.00,6.00,18.00,1652.00,1576.00,7.00,27.00,3.00,23.00,0.00,1.00,15.00,0.42,0.18,1.45,0.00,0.36,1.09,1.63,96.49
Boston,2.00,4.00,323.00,226.00,0.00,11.00,560.00,1457.00,1040.00,132.00,5.00,146.00,0.00,90.00,44.00,1457.00,966.00,100.00,230.00,0.00,145.00,0.00,3.00,13.00,9.06,0.34,10.02,0.00,6.18,3.02,15.79,71.38
Boston,2.00,5.00,370.00,227.00,0.00,11.00,608.00,1602.00,1561.00,6.00,0.00,22.00,1.00,3.00,9.00,1602.00,1548.00,6.00,18.00,0.00,21.00,0.00,1.00,8.00,0.37,0.00,1.37,0.06,0.19,0.56,1.12,97.44
Boston,2.00,6.00,456.00,345.00,3.00,27.00,831.00,2278.00,2014.00,40.00,3.00,161.00,1.00,29.00,30.00,2278.00,1968.00,34.00,94.00,2.00,160.00,1.00,1.00,18.00,1.76,0.13,7.07,0.04,1.27,1.32,4.13,88.41
Boston,2.00,7.00,438.00,222.00,2.00,14.00,676.00,1359.00,1256.00,26.00,0.00,63.00,0.00,5.00,9.00,1359.00,1230.00,25.00,28.00,0.00,63.00,0.00,4.00,9.00,1.91,0.00,4.64,0.00,0.37,0.66,2.06,92.42
Boston,3.00,1.00,594.00,371.00,2.00,11.00,978.00,3998.00,3619.00,129.00,8.00,137.00,0.00,50.00,55.00,3998.00,3522.00,125.00,156.00,6.00,136.00,0.00,7.00,46.00,3.23,0.20,3.43,0.00,1.25,1.38,3.90,90.52
Boston,3.00,2.00,308.00,162.00,1.00,5.00,476.00,1866.00,1771.00,20.00,1.00,44.00,1.00,20.00,9.00,1866.00,1719.00,16.00,71.00,1.00,43.00,1.00,6.00,9.00,1.07,0.05,2.36,0.05,1.07,0.48,3.80,94.91
Boston,3.00,3.00,324.00,160.00,1.00,8.00,493.00,2362.00,2234.00,13.00,6.00,68.00,0.00,19.00,22.00,2362.00,2177.00,12.00,74.00,5.00,67.00,0.00,6.00,21.00,0.55,0.25,2.88,0.00,0.80,0.93,3.13,94.58
Boston,3.00,4.00,390.00,198.00,0.00,9.00,597.00,1910.00,1823.00,14.00,6.00,37.00,2.00,9.00,19.00,1910.00,1766.00,14.00,69.00,5.00,37.00,2.00,4.00,13.00,0.73,0.31,1.94,0.10,0.47,0.99,3.61,95.45
Boston,3.00,5.00,728.00,385.00,2.00,8.00,1123.00,4660.00,3353.00,541.00,4.00,640.00,0.00,49.00,73.00,4660.00,3006.00,536.00,404.00,4.00,637.00,0.00,9.00,64.00,11.61,0.09,13.73,0.00,1.05,1.57,8.67,71.95
Boston,3.00,6.00,903.00,475.00,0.00,14.00,1392.00,5373.00,4484.00,246.00,11.00,455.00,3.00,79.00,95.00,5373.00,4291.00,226.00,284.00,10.00,454.00,3.00,18.00,87.00,4.58,0.20,8.47,0.06,1.47,1.77,5.29,83.45
Boston,3.00,7.00,943.00,437.00,0.00,10.00,1390.00,3951.00,2911.00,233.00,10.00,629.00,0.00,96.00,72.00,3951.00,2788.00,210.00,262.00,7.00,627.00,0.00,9.00,48.00,5.90,0.25,15.92,0.00,2.43,1.82,6.63,73.68
Boston,3.00,8.00,1197.00,663.00,2.00,19.00,1881.00,7821.00,3585.00,377.00,4.00,3598.00,4.00,103.00,150.00,7821.00,3347.00,351.00,386.00,4.00,3594.00,3.00,15.00,121.00,4.82,0.05,46.00,0.05,1.32,1.92,4.94,45.84
Boston,4.00,1.00,487.00,245.00,0.00,3.00,735.00,2011.00,1736.00,70.00,4.00,129.00,0.00,35.00,37.00,2011.00,1667.00,64.00,102.00,4.00,129.00,0.00,18.00,27.00,3.48,0.20,6.41,0.00,1.74,1.84,5.07,86.33
Boston,4.00,2.00,574.00,450.00,0.00,5.00,1029.00,3532.00,2541.00,390.00,8.00,468.00,0.00,54.00,71.00,3532.00,2397.00,375.00,212.00,7.00,466.00,0.00,11.00,64.00,11.04,0.23,13.25,0.00,1.53,2.01,6.00,71.94
Boston,4.00,3.00,345.00,194.00,0.00,1.00,540.00,1337.00,985.00,211.00,2.00,81.00,0.00,27.00,31.00,1337.00,938.00,200.00,93.00,2.00,81.00,0.00,2.00,21.00,15.78,0.15,6.06,0.00,2.02,2.32,6.96,73.67
Boston,4.00,4.00,428.00,239.00,2.00,1.00,670.00,2256.00,1625.00,358.00,5.00,143.00,1.00,54.00,70.00,2256.00,1520.00,337.00,199.00,3.00,143.00,1.00,8.00,45.00,15.87,0.22,6.34,0.04,2.39,3.10,8.82,72.03
Boston,4.00,5.00,284.00,161.00,0.00,0.00,445.00,2953.00,2098.00,294.00,5.00,448.00,1.00,47.00,60.00,2953.00,1947.00,282.00,215.00,5.00,445.00,1.00,7.00,51.00,9.96,0.17,15.17,0.03,1.59,2.03,7.28,71.05
Boston,4.00,6.00,206.00,100.00,0.00,0.00,306.00,2498.00,1639.00,235.00,9.00,437.00,0.00,84.00,94.00,2498.00,1494.00,222.00,264.00,8.00,437.00,0.00,14.00,59.00,9.41,0.36,17.49,0.00,3.36,3.76,10.57,65.61
Boston,4.00,7.00,260.00,111.00,0.00,2.00,373.00,4109.00,2808.00,291.00,10.00,745.00,2.00,114.00,139.00,4109.00,2631.00,276.00,329.00,6.00,742.00,2.00,12.00,111.00,7.08,0.24,18.13,0.05,2.77,3.38,8.01,68.34
Boston,4.00,8.00,202.00,91.00,1.00,2.00,296.00,4521.00,3301.00,284.00,8.00,701.00,2.00,111.00,114.00,4521.00,3106.00,266.00,331.00,6.00,696.00,1.00,20.00,95.00,6.28,0.18,15.51,0.04,2.46,2.52,7.32,73.01
Boston,4.00,9.00,69.00,91.00,0.00,1.00,161.00,4347.00,3085.00,411.00,13.00,450.00,3.00,223.00,162.00,4347.00,2822.00,368.00,573.00,6.00,447.00,3.00,9.00,119.00,9.45,0.30,10.35,0.07,5.13,3.73,13.18,70.97
Boston,4.00,10.00,75.00,18.00,0.00,0.00,93.00,5545.00,4247.00,359.00,6.00,601.00,5.00,155.00,172.00,5545.00,4098.00,328.00,350.00,3.00,592.00,4.00,19.00,151.00,6.47,0.11,10.84,0.09,2.80,3.10,6.31,76.59
Boston,5.00,1.00,928.00,497.00,0.00,13.00,1438.00,6467.00,4012.00,300.00,8.00,1921.00,1.00,103.00,122.00,6467.00,3858.00,277.00,288.00,7.00,1920.00,1.00,18.00,98.00,4.64,0.12,29.70,0.02,1.59,1.89,4.45,62.04
Boston,5.00,2.00,559.00,222.00,0.00,0.00,781.00,4207.00,3131.00,194.00,8.00,606.00,2.00,130.00,136.00,4207.00,2904.00,178.00,401.00,5.00,601.00,2.00,11.00,105.00,4.61,0.19,14.40,0.05,3.09,3.23,9.53,74.42
Boston,5.00,3.00,431.00,204.00,0.00,0.00,635.00,1873.00,1744.00,20.00,0.00,92.00,0.00,8.00,9.00,1873.00,1695.00,17.00,58.00,0.00,92.00,0.00,3.00,8.00,1.07,0.00,4.91,0.00,0.43,0.48,3.10,93.11
Boston,5.00,4.00,507.00,170.00,2.00,1.00,680.00,2702.00,2405.00,70.00,2.00,153.00,1.00,29.00,42.00,2702.00,2324.00,68.00,106.00,2.00,152.00,1.00,12.00,37.00,2.59,0.07,5.66,0.04,1.07,1.55,3.92,89.01
Boston,5.00,5.00,163.00,90.00,0.00,1.00,254.00,677.00,636.00,4.00,1.00,21.00,0.00,1.00,14.00,677.00,624.00,4.00,17.00,1.00,21.00,0.00,1.00,9.00,0.59,0.15,3.10,0.00,0.15,2.07,2.51,93.94
Boston,5.00,6.00,402.00,203.00,0.00,3.00,608.00,2212.00,1965.00,77.00,3.00,114.00,0.00,21.00,32.00,2212.00,1896.00,65.00,104.00,3.00,114.00,0.00,4.00,26.00,3.48,0.14,5.15,0.00,0.95,1.45,4.70,88.83
Boston,5.00,7.00,477.00,209.00,2.00,3.00,691.00,2626.00,2323.00,54.00,2.00,175.00,1.00,26.00,45.00,2626.00,2231.00,50.00,126.00,2.00,175.00,1.00,3.00,38.00,2.06,0.08,6.66,0.04,0.99,1.71,4.80,88.46
Boston,5.00,8.00,428.00,193.00,2.00,0.00,623.00,2585.00,2200.00,65.00,1.00,214.00,0.00,34.00,71.00,2585.00,2108.00,63.00,125.00,1.00,212.00,0.00,15.00,61.00,2.51,0.04,8.28,0.00,1.32,2.75,4.84,85.11
Boston,5.00,9.00,564.00,267.00,0.00,2.00,833.00,4112.00,3372.00,89.00,3.00,513.00,0.00,53.00,82.00,4112.00,3174.00,84.00,262.00,3.00,506.00,0.00,13.00,70.00,2.16,0.07,12.48,0.00,1.29,1.99,6.37,82.00
Boston,5.00,10.00,348.00,110.00,1.00,3.00,462.00,6184.00,4078.00,207.00,15.00,1529.00,0.00,110.00,245.00,6184.00,3749.00,197.00,478.00,12.00,1517.00,0.00,21.00,210.00,3.35,0.24,24.73,0.00,1.78,3.96,7.73,65.94
Boston,5.00,11.00,303.00,134.00,1.00,2.00,440.00,1322.00,1222.00,11.00,0.00,68.00,0.00,7.00,14.00,1322.00,1179.00,11.00,51.00,0.00,67.00,0.00,2.00,12.00,0.83,0.00,5.14,0.00,0.53,1.06,3.86,92.44
Boston,6.00,1.00,1075.00,715.00,0.00,12.00,1802.00,4089.00,3123.00,260.00,7.00,332.00,2.00,253.00,112.00,4089.00,2899.00,190.00,582.00,4.00,330.00,2.00,16.00,66.00,6.36,0.17,8.12,0.05,6.19,2.74,14.23,76.38
Boston,6.00,2.00,224.00,171.00,0.00,5.00,400.00,1387.00,1089.00,85.00,1.00,102.00,0.00,90.00,20.00,1387.00,1055.00,66.00,143.00,1.00,97.00,0.00,11.00,14.00,6.13,0.07,7.35,0.00,6.49,1.44,10.31,78.51
Boston,6.00,3.00,318.00,199.00,3.00,8.00,528.00,1848.00,1711.00,22.00,10.00,78.00,1.00,8.00,18.00,1848.00,1686.00,19.00,38.00,7.00,78.00,1.00,3.00,16.00,1.19,0.54,4.22,0.05,0.43,0.97,2.06,92.59
Boston,6.00,4.00,322.00,200.00,4.00,21.00,547.00,1801.00,1666.00,14.00,4.00,77.00,0.00,12.00,28.00,1801.00,1646.00,14.00,40.00,2.00,77.00,0.00,2.00,20.00,0.78,0.22,4.28,0.00,0.67,1.55,2.22,92.50
Boston,6.00,5.00,320.00,201.00,2.00,14.00,537.00,1678.00,1617.00,8.00,2.00,31.00,1.00,11.00,8.00,1678.00,1598.00,7.00,28.00,1.00,31.00,1.00,5.00,7.00,0.48,0.12,1.85,0.06,0.66,0.48,1.67,96.36
Boston,6.00,6.00,241.00,225.00,11.00,33.00,510.00,1503.00,1459.00,14.00,1.00,13.00,0.00,6.00,10.00,1503.00,1453.00,12.00,12.00,1.00,13.00,0.00,4.00,8.00,0.93,0.07,0.86,0.00,0.40,0.67,0.80,97.07
Boston,6.00,7.00,309.00,192.00,4.00,11.00,516.00,1526.00,1491.00,7.00,1.00,12.00,2.00,3.00,10.00,1526.00,1477.00,7.00,20.00,1.00,12.00,1.00,0.00,8.00,0.46,0.07,0.79,0.13,0.20,0.66,1.31,97.71
Boston,6.00,8.00,252.00,209.00,4.00,7.00,472.00,1545.00,1518.00,3.00,1.00,10.00,0.00,3.00,10.00,1545.00,1512.00,3.00,10.00,1.00,9.00,0.00,0.00,10.00,0.19,0.06,0.65,0.00,0.19,0.65,0.65,98.25
Boston,6.00,9.00,254.00,186.00,4.00,28.00,472.00,1572.00,1543.00,17.00,2.00,1.00,0.00,4.00,5.00,1572.00,1530.00,15.00,18.00,2.00,1.00,0.00,1.00,5.00,1.08,0.13,0.06,0.00,0.25,0.32,1.15,98.16
Boston,7.00,1.00,227.00,188.00,4.00,25.00,444.00,1363.00,1343.00,2.00,0.00,12.00,0.00,3.00,3.00,1363.00,1334.00,2.00,12.00,0.00,12.00,0.00,0.00,3.00,0.15,0.00,0.88,0.00,0.22,0.22,0.88,98.53
Boston,7.00,2.00,300.00,204.00,5.00,24.00,533.00,1769.00,1733.00,9.00,0.00,16.00,1.00,1.00,9.00,1769.00,1719.00,9.00,15.00,0.00,16.00,1.00,0.00,9.00,0.51,0.00,0.90,0.06,0.06,0.51,0.85,97.96
Boston,7.00,3.00,345.00,290.00,2.00,17.00,654.00,2133.00,2048.00,15.00,2.00,32.00,0.00,18.00,18.00,2133.00,2019.00,15.00,48.00,2.00,31.00,0.00,2.00,16.00,0.70,0.09,1.50,0.00,0.84,0.84,2.25,96.02
Boston,7.00,4.00,265.00,195.00,2.00,14.00,476.00,1829.00,1576.00,69.00,2.00,75.00,0.00,64.00,43.00,1829.00,1540.00,57.00,115.00,2.00,75.00,0.00,20.00,20.00,3.77,0.11,4.10,0.00,3.50,2.35,6.29,86.17
Boston,7.00,5.00,230.00,176.00,1.00,7.00,414.00,1905.00,1407.00,177.00,5.00,157.00,2.00,107.00,50.00,1905.00,1338.00,138.00,229.00,3.00,154.00,2.00,17.00,24.00,9.29,0.26,8.24,0.10,5.62,2.62,12.02,73.86
Boston,7.00,6.00,221.00,171.00,1.00,10.00,403.00,1586.00,1074.00,160.00,5.00,152.00,1.00,145.00,49.00,1586.00,992.00,130.00,289.00,1.00,150.00,1.00,6.00,17.00,10.09,0.32,9.58,0.06,9.14,3.09,18.22,67.72
Boston,7.00,7.00,72.00,161.00,1.00,2.00,236.00,1496.00,572.00,404.00,14.00,224.00,3.00,200.00,79.00,1496.00,363.00,312.00,561.00,6.00,224.00,2.00,5.00,23.00,27.01,0.94,14.97,0.20,13.37,5.28,37.50,38.24
Boston,7.00,8.00,299.00,131.00,2.00,3.00,435.00,1487.00,1173.00,97.00,3.00,137.00,0.00,59.00,18.00,1487.00,1132.00,94.00,99.00,3.00,137.00,0.00,6.00,16.00,6.52,0.20,9.21,0.00,3.97,1.21,6.66,78.88
Boston,7.00,9.00,217.00,136.00,2.00,2.00,357.00,1551.00,993.00,159.00,11.00,221.00,1.00,128.00,38.00,1551.00,937.00,147.00,150.00,7.00,221.00,1.00,60.00,28.00,10.25,0.71,14.25,0.06,8.25,2.45,9.67,64.02
Boston,7.00,10.00,148.00,197.00,0.00,2.00,347.00,1847.00,325.00,584.00,6.00,47.00,2.00,686.00,197.00,1847.00,206.00,540.00,377.00,3.00,46.00,1.00,504.00,170.00,31.62,0.32,2.54,0.11,37.14,10.67,20.41,17.60
Boston,8.00,1.00,229.00,197.00,0.00,4.00,430.00,1484.00,598.00,376.00,3.00,176.00,4.00,265.00,62.00,1484.00,436.00,334.00,489.00,3.00,176.00,4.00,13.00,29.00,25.34,0.20,11.86,0.27,17.86,4.18,32.95,40.30
Boston,8.00,2.00,480.00,261.00,0.00,7.00,748.00,4588.00,2484.00,1212.00,19.00,598.00,1.00,189.00,85.00,4588.00,1889.00,1174.00,819.00,14.00,597.00,1.00,33.00,61.00,26.42,0.41,13.03,0.02,4.12,1.85,17.85,54.14
Boston,8.00,3.00,146.00,175.00,0.00,1.00,322.00,1269.00,266.00,715.00,10.00,52.00,0.00,169.00,57.00,1269.00,180.00,658.00,325.00,6.00,51.00,0.00,21.00,28.00,56.34,0.79,4.10,0.00,13.32,4.49,25.61,20.96
Boston,8.00,4.00,83.00,103.00,0.00,0.00,186.00,664.00,75.00,392.00,5.00,11.00,0.00,142.00,39.00,664.00,21.00,352.00,239.00,5.00,11.00,0.00,19.00,17.00,59.04,0.75,1.66,0.00,21.39,5.87,35.99,11.30
Boston,8.00,5.00,168.00,231.00,1.00,4.00,404.00,1638.00,124.00,659.00,8.00,40.00,4.00,613.00,190.00,1638.00,59.00,610.00,290.00,4.00,38.00,3.00,477.00,157.00,40.23,0.49,2.44,0.24,37.42,11.60,17.70,7.57
Boston,8.00,6.00,73.00,74.00,1.00,2.00,150.00,681.00,144.00,214.00,0.00,10.00,0.00,256.00,57.00,681.00,105.00,186.00,115.00,0.00,10.00,0.00,215.00,50.00,31.42,0.00,1.47,0.00,37.59,8.37,16.89,21.15
Boston,8.00,7.00,122.00,149.00,0.00,0.00,271.00,1084.00,183.00,635.00,11.00,10.00,0.00,156.00,89.00,1084.00,71.00,580.00,326.00,5.00,10.00,0.00,38.00,54.00,58.58,1.01,0.92,0.00,14.39,8.21,30.07,16.88
Boston,9.00,1.00,268.00,332.00,0.00,15.00,615.00,2092.00,1030.00,302.00,11.00,436.00,1.00,248.00,64.00,2092.00,748.00,247.00,633.00,3.00,435.00,0.00,4.00,22.00,14.44,0.53,20.84,0.05,11.85,3.06,30.26,49.24
Boston,9.00,2.00,499.00,283.00,0.00,2.00,784.00,2267.00,1548.00,353.00,4.00,209.00,0.00,93.00,60.00,2267.00,1426.00,334.00,249.00,2.00,209.00,0.00,4.00,43.00,15.57,0.18,9.22,0.00,4.10,2.65,10.98,68.28
Boston,9.00,3.00,454.00,443.00,2.00,3.00,902.00,3652.00,1396.00,1415.00,13.00,204.00,3.00,428.00,193.00,3652.00,1069.00,1228.00,1041.00,8.00,203.00,1.00,18.00,84.00,38.75,0.36,5.59,0.08,11.72,5.28,28.50,38.23
Boston,9.00,4.00,218.00,278.00,0.00,4.00,500.00,4580.00,2516.00,1102.00,31.00,402.00,0.00,354.00,175.00,4580.00,2235.00,981.00,834.00,16.00,401.00,0.00,23.00,90.00,24.06,0.68,8.78,0.00,7.73,3.82,18.21,54.93
Boston,9.00,5.00,361.00,382.00,2.00,2.00,747.00,2282.00,357.00,1491.00,29.00,51.00,0.00,211.00,143.00,2282.00,226.00,1380.00,507.00,14.00,50.00,0.00,22.00,83.00,65.34,1.27,2.23,0.00,9.25,6.27,22.22,15.64
Boston,10.00,1.00,154.00,202.00,0.00,0.00,356.00,888.00,264.00,261.00,11.00,138.00,0.00,172.00,42.00,888.00,159.00,232.00,333.00,9.00,138.00,0.00,0.00,17.00,29.39,1.24,15.54,0.00,19.37,4.73,37.50,29.73
Boston,10.00,2.00,159.00,104.00,0.00,0.00,263.00,2579.00,1462.00,331.00,9.00,581.00,1.00,126.00,69.00,2579.00,1354.00,290.00,298.00,4.00,581.00,1.00,9.00,42.00,12.83,0.35,22.53,0.04,4.89,2.68,11.55,56.69
Boston,10.00,3.00,180.00,100.00,0.00,0.00,280.00,2020.00,1403.00,193.00,12.00,256.00,3.00,83.00,70.00,2020.00,1306.00,166.00,228.00,6.00,256.00,3.00,5.00,50.00,9.55,0.59,12.67,0.15,4.11,3.47,11.29,69.46
Boston,10.00,4.00,303.00,221.00,2.00,2.00,528.00,2606.00,1298.00,421.00,19.00,561.00,3.00,209.00,95.00,2606.00,1128.00,367.00,477.00,13.00,556.00,3.00,5.00,57.00,16.16,0.73,21.53,0.12,8.02,3.65,18.30,49.81
Boston,10.00,5.00,246.00,115.00,0.00,5.00,366.00,2078.00,1539.00,228.00,7.00,135.00,0.00,97.00,72.00,2078.00,1448.00,208.00,225.00,3.00,135.00,0.00,8.00,51.00,10.97,0.34,6.50,0.00,4.67,3.46,10.83,74.06
Boston,10.00,6.00,277.00,163.00,1.00,1.00,442.00,1706.00,606.00,564.00,12.00,133.00,0.00,285.00,106.00,1706.00,386.00,472.00,665.00,1.00,130.00,0.00,6.00,46.00,33.06,0.70,7.80,0.00,16.71,6.21,38.98,35.52
Boston,10.00,7.00,287.00,253.00,1.00,4.00,545.00,1809.00,582.00,580.00,26.00,43.00,0.00,435.00,143.00,1809.00,234.00,457.00,1030.00,5.00,42.00,0.00,14.00,27.00,32.06,1.44,2.38,0.00,24.05,7.90,56.94,32.17
Boston,10.00,8.00,548.00,227.00,1.00,8.00,784.00,2779.00,1583.00,582.00,4.00,394.00,2.00,122.00,92.00,2779.00,1407.00,538.00,385.00,4.00,390.00,1.00,7.00,47.00,20.94,0.14,14.18,0.07,4.39,3.31,13.85,56.96
Boston,10.00,9.00,775.00,195.00,0.00,4.00,974.00,2265.00,1646.00,182.00,13.00,145.00,0.00,206.00,73.00,2265.00,1417.00,141.00,520.00,1.00,145.00,0.00,11.00,30.00,8.04,0.57,6.40,0.00,9.09,3.22,22.96,72.67
Boston,11.00,1.00,258.00,108.00,1.00,2.00,369.00,912.00,357.00,429.00,3.00,31.00,0.00,58.00,34.00,912.00,307.00,392.00,150.00,3.00,31.00,0.00,6.00,23.00,47.04,0.33,3.40,0.00,6.36,3.73,16.45,39.14
Boston,11.00,2.00,292.00,300.00,1.00,3.00,596.00,1651.00,230.00,1090.00,25.00,21.00,2.00,196.00,87.00,1651.00,113.00,1016.00,442.00,8.00,21.00,2.00,11.00,38.00,66.02,1.51,1.27,0.12,11.87,5.27,26.77,13.93
Boston,11.00,3.00,170.00,201.00,0.00,4.00,375.00,1385.00,196.00,891.00,9.00,13.00,1.00,195.00,80.00,1385.00,90.00,786.00,445.00,6.00,13.00,1.00,12.00,32.00,64.33,0.65,0.94,0.07,14.08,5.78,32.13,14.15
Boston,11.00,4.00,457.00,228.00,3.00,2.00,690.00,2245.00,736.00,813.00,37.00,44.00,0.00,457.00,158.00,2245.00,406.00,709.00,1027.00,12.00,41.00,0.00,10.00,40.00,36.21,1.65,1.96,0.00,20.36,7.04,45.75,32.78
Boston,11.00,5.00,371.00,259.00,0.00,6.00,636.00,1825.00,711.00,596.00,15.00,26.00,0.00,377.00,100.00,1825.00,440.00,505.00,803.00,7.00,26.00,0.00,11.00,33.00,32.66,0.82,1.42,0.00,20.66,5.48,44.00,38.96
Boston,11.00,6.00,487.00,111.00,0.00,1.00,599.00,1257.00,777.00,176.00,3.00,62.00,0.00,163.00,76.00,1257.00,646.00,127.00,399.00,1.00,61.00,0.00,7.00,16.00,14.00,0.24,4.93,0.00,12.97,6.05,31.74,61.81
Boston,11.00,7.00,543.00,167.00,0.00,3.00,713.00,1955.00,1096.00,464.00,12.00,51.00,0.00,255.00,77.00,1955.00,938.00,424.00,487.00,3.00,51.00,0.00,10.00,42.00,23.73,0.61,2.61,0.00,13.04,3.94,24.91,56.06
Boston,11.00,8.00,844.00,216.00,0.00,3.00,1063.00,1733.00,1185.00,223.00,10.00,153.00,1.00,106.00,55.00,1733.00,1081.00,196.00,253.00,3.00,153.00,1.00,13.00,33.00,12.87,0.58,8.83,0.06,6.12,3.17,14.60,68.38
Boston,11.00,9.00,496.00,103.00,0.00,2.00,601.00,997.00,844.00,63.00,1.00,41.00,0.00,23.00,25.00,997.00,790.00,48.00,99.00,0.00,40.00,0.00,3.00,17.00,6.32,0.10,4.11,0.00,2.31,2.51,9.93,84.65
Boston,11.00,10.00,603.00,97.00,0.00,3.00,703.00,1462.00,1096.00,145.00,2.00,69.00,0.00,110.00,40.00,1462.00,998.00,122.00,238.00,1.00,68.00,0.00,13.00,22.00,9.92,0.14,4.72,0.00,7.52,2.74,16.28,74.97
Boston,12.00,1.00,213.00,351.00,1.00,3.00,568.00,1812.00,137.00,1380.00,11.00,33.00,0.00,166.00,85.00,1812.00,74.00,1328.00,307.00,10.00,32.00,0.00,12.00,49.00,76.16,0.61,1.82,0.00,9.16,4.69,16.94,7.56
Boston,12.00,2.00,259.00,397.00,1.00,3.00,660.00,2361.00,171.00,1767.00,17.00,17.00,1.00,288.00,100.00,2361.00,39.00,1664.00,529.00,9.00,17.00,1.00,45.00,57.00,74.84,0.72,0.72,0.04,12.20,4.24,22.41,7.24
Boston,12.00,3.00,132.00,206.00,0.00,7.00,345.00,794.00,55.00,604.00,4.00,24.00,1.00,75.00,31.00,794.00,20.00,564.00,151.00,1.00,24.00,1.00,11.00,22.00,76.07,0.50,3.02,0.13,9.45,3.90,19.02,6.93
Boston,12.00,4.00,150.00,249.00,3.00,3.00,405.00,1235.00,100.00,884.00,6.00,3.00,2.00,178.00,62.00,1235.00,47.00,826.00,274.00,5.00,3.00,2.00,30.00,48.00,71.58,0.49,0.24,0.16,14.41,5.02,22.19,8.10
Boston,12.00,5.00,117.00,180.00,0.00,0.00,297.00,860.00,48.00,684.00,10.00,2.00,0.00,86.00,30.00,860.00,15.00,655.00,151.00,6.00,1.00,0.00,12.00,20.00,79.53,1.16,0.23,0.00,10.00,3.49,17.56,5.58
Boston,12.00,6.00,119.00,220.00,0.00,2.00,341.00,858.00,41.00,693.00,6.00,9.00,0.00,65.00,44.00,858.00,21.00,659.00,134.00,5.00,9.00,0.00,10.00,20.00,80.77,0.70,1.05,0.00,7.58,5.13,15.62,4.78
Boston,12.00,7.00,245.00,365.00,5.00,11.00,626.00,3079.00,386.00,2016.00,22.00,19.00,0.00,507.00,129.00,3079.00,186.00,1876.00,914.00,15.00,18.00,0.00,12.00,58.00,65.48,0.71,0.62,0.00,16.47,4.19,29.68,12.54
Boston,12.00,8.00,108.00,118.00,0.00,2.00,228.00,950.00,82.00,668.00,8.00,3.00,0.00,146.00,43.00,950.00,33.00,630.00,244.00,8.00,3.00,0.00,10.00,22.00,70.32,0.84,0.32,0.00,15.37,4.53,25.68,8.63
Boston,12.00,9.00,153.00,189.00,0.00,7.00,349.00,1116.00,95.00,802.00,7.00,15.00,1.00,134.00,62.00,1116.00,23.00,764.00,268.00,4.00,15.00,1.00,9.00,32.00,71.86,0.63,1.34,0.09,12.01,5.56,24.01,8.51
Boston,13.00,1.00,131.00,301.00,1.00,2.00,435.00,1573.00,134.00,955.00,11.00,12.00,0.00,345.00,116.00,1573.00,41.00,851.00,458.00,8.00,11.00,0.00,130.00,74.00,60.71,0.70,0.76,0.00,21.93,7.37,29.12,8.52
Boston,13.00,2.00,46.00,101.00,0.00,2.00,149.00,673.00,82.00,389.00,19.00,10.00,1.00,114.00,58.00,673.00,14.00,351.00,232.00,2.00,8.00,0.00,28.00,38.00,57.80,2.82,1.49,0.15,16.94,8.62,34.47,12.18
Boston,13.00,3.00,177.00,152.00,0.00,3.00,332.00,3145.00,1502.00,573.00,16.00,681.00,5.00,279.00,89.00,3145.00,1293.00,515.00,547.00,7.00,681.00,5.00,41.00,56.00,18.22,0.51,21.65,0.16,8.87,2.83,17.39,47.76
Boston,13.00,4.00,116.00,165.00,0.00,4.00,285.00,1261.00,188.00,717.00,8.00,10.00,0.00,238.00,100.00,1261.00,82.00,668.00,370.00,5.00,10.00,0.00,62.00,64.00,56.86,0.63,0.79,0.00,18.87,7.93,29.34,14.91
Boston,13.00,5.00,155.00,160.00,0.00,2.00,317.00,1352.00,334.00,529.00,5.00,11.00,2.00,346.00,125.00,1352.00,263.00,483.00,284.00,1.00,11.00,2.00,206.00,102.00,39.13,0.37,0.81,0.15,25.59,9.25,21.01,24.70
Boston,13.00,6.00,270.00,181.00,0.00,6.00,457.00,1615.00,587.00,458.00,7.00,125.00,3.00,334.00,101.00,1615.00,517.00,420.00,272.00,4.00,125.00,3.00,196.00,78.00,28.36,0.43,7.74,0.19,20.68,6.25,16.84,36.35
Boston,13.00,7.00,284.00,135.00,2.00,8.00,429.00,1775.00,1010.00,199.00,1.00,431.00,0.00,79.00,55.00,1775.00,956.00,189.00,131.00,1.00,431.00,0.00,19.00,48.00,11.21,0.06,24.28,0.00,4.45,3.10,7.38,56.90
Boston,13.00,8.00,282.00,109.00,1.00,2.00,394.00,1511.00,770.00,187.00,3.00,368.00,4.00,113.00,66.00,1511.00,719.00,172.00,146.00,3.00,366.00,0.00,49.00,56.00,12.38,0.20,24.35,0.26,7.48,4.37,9.66,50.96
Boston,13.00,9.00,299.00,178.00,0.00,2.00,479.00,1683.00,742.00,249.00,7.00,429.00,5.00,185.00,66.00,1683.00,692.00,228.00,170.00,6.00,428.00,0.00,103.00,56.00,14.80,0.42,25.49,0.30,10.99,3.92,10.10,44.09
Boston,13.00,10.00,444.00,298.00,5.00,13.00,760.00,1946.00,1510.00,122.00,0.00,218.00,2.00,46.00,48.00,1946.00,1466.00,116.00,95.00,0.00,218.00,2.00,10.00,39.00,6.27,0.00,11.20,0.10,2.36,2.47,4.88,77.60
Boston,14.00,1.00,206.00,374.00,0.00,6.00,586.00,2866.00,279.00,1824.00,19.00,37.00,5.00,557.00,145.00,2866.00,48.00,1688.00,920.00,9.00,35.00,1.00,93.00,72.00,63.64,0.66,1.29,0.17,19.43,5.06,32.10,9.73
Boston,14.00,2.00,260.00,444.00,0.00,2.00,706.00,2695.00,142.00,2164.00,17.00,10.00,0.00,235.00,127.00,2695.00,42.00,2041.00,450.00,11.00,10.00,0.00,62.00,79.00,80.30,0.63,0.37,0.00,8.72,4.71,16.70,5.27
Boston,14.00,3.00,122.00,219.00,0.00,3.00,344.00,1549.00,75.00,1077.00,23.00,18.00,1.00,277.00,78.00,1549.00,20.00,987.00,459.00,17.00,18.00,1.00,11.00,36.00,69.53,1.48,1.16,0.06,17.88,5.04,29.63,4.84
Boston,14.00,4.00,148.00,271.00,0.00,2.00,421.00,1654.00,124.00,1230.00,10.00,15.00,0.00,203.00,72.00,1654.00,49.00,1146.00,353.00,8.00,15.00,0.00,39.00,44.00,74.37,0.60,0.91,0.00,12.27,4.35,21.34,7.50
Boston,14.00,5.00,98.00,217.00,1.00,1.00,317.00,1439.00,36.00,1278.00,5.00,11.00,1.00,70.00,38.00,1439.00,9.00,1231.00,155.00,2.00,11.00,1.00,2.00,28.00,88.81,0.35,0.76,0.07,4.86,2.64,10.77,2.50
Boston,14.00,6.00,100.00,206.00,1.00,1.00,308.00,1174.00,75.00,947.00,4.00,6.00,1.00,89.00,52.00,1174.00,41.00,878.00,211.00,2.00,6.00,0.00,11.00,25.00,80.66,0.34,0.51,0.09,7.58,4.43,17.97,6.39
Boston,14.00,7.00,114.00,197.00,0.00,2.00,313.00,1388.00,94.00,1085.00,7.00,10.00,0.00,126.00,66.00,1388.00,20.00,1016.00,286.00,7.00,7.00,0.00,11.00,41.00,78.17,0.50,0.72,0.00,9.08,4.76,20.61,6.77
Boston,14.00,8.00,182.00,263.00,1.00,2.00,448.00,1494.00,147.00,1206.00,2.00,12.00,1.00,84.00,42.00,1494.00,93.00,1162.00,190.00,2.00,11.00,0.00,5.00,31.00,80.72,0.13,0.80,0.07,5.62,2.81,12.72,9.84
Boston,14.00,9.00,90.00,215.00,0.00,0.00,305.00,1384.00,102.00,931.00,12.00,17.00,0.00,242.00,80.00,1384.00,13.00,844.00,459.00,5.00,17.00,0.00,19.00,27.00,67.27,0.87,1.23,0.00,17.49,5.78,33.16,7.37
Boston,14.00,10.00,149.00,241.00,0.00,1.00,391.00,1937.00,205.00,1254.00,12.00,17.00,3.00,350.00,96.00,1937.00,26.00,1131.00,661.00,9.00,16.00,3.00,36.00,55.00,64.74,0.62,0.88,0.15,18.07,4.96,34.12,10.58
Boston,14.00,11.00,149.00,246.00,0.00,3.00,398.00,1307.00,42.00,1065.00,3.00,10.00,0.00,121.00,66.00,1307.00,20.00,992.00,224.00,2.00,10.00,0.00,20.00,39.00,81.48,0.23,0.77,0.00,9.26,5.05,17.14,3.21
Boston,14.00,12.00,63.00,152.00,0.00,0.00,215.00,809.00,28.00,680.00,1.00,9.00,0.00,74.00,17.00,809.00,3.00,646.00,121.00,1.00,9.00,0.00,25.00,4.00,84.05,0.12,1.11,0.00,9.15,2.10,14.96,3.46
Boston,14.00,13.00,118.00,235.00,0.00,1.00,354.00,1206.00,38.00,1024.00,6.00,11.00,0.00,73.00,54.00,1206.00,18.00,973.00,149.00,1.00,11.00,0.00,17.00,37.00,84.91,0.50,0.91,0.00,6.05,4.48,12.35,3.15
Boston,14.00,14.00,161.00,226.00,0.00,0.00,387.00,1350.00,10.00,1203.00,3.00,5.00,0.00,86.00,43.00,1350.00,5.00,1127.00,179.00,2.00,5.00,0.00,3.00,29.00,89.11,0.22,0.37,0.00,6.37,3.19,13.26,0.74
Boston,15.00,1.00,159.00,271.00,0.00,1.00,431.00,1938.00,266.00,969.00,9.00,44.00,0.00,507.00,143.00,1938.00,130.00,874.00,554.00,7.00,44.00,0.00,223.00,106.00,50.00,0.46,2.27,0.00,26.16,7.38,28.59,13.73
Boston,15.00,2.00,107.00,155.00,0.00,2.00,264.00,1270.00,74.00,787.00,5.00,8.00,0.00,297.00,99.00,1270.00,34.00,749.00,206.00,3.00,8.00,0.00,176.00,94.00,61.97,0.39,0.63,0.00,23.39,7.80,16.22,5.83
Boston,15.00,3.00,74.00,94.00,0.00,0.00,168.00,875.00,75.00,418.00,3.00,31.00,0.00,260.00,88.00,875.00,56.00,383.00,164.00,3.00,28.00,0.00,163.00,78.00,47.77,0.34,3.54,0.00,29.71,10.06,18.74,8.57
Boston,15.00,4.00,240.00,258.00,1.00,11.00,510.00,2477.00,366.00,912.00,2.00,389.00,1.00,562.00,245.00,2477.00,262.00,855.00,397.00,2.00,389.00,0.00,366.00,206.00,36.82,0.08,15.70,0.04,22.69,9.89,16.03,14.78
Boston,15.00,5.00,131.00,224.00,0.00,0.00,355.00,1661.00,214.00,964.00,13.00,92.00,0.00,261.00,117.00,1661.00,72.00,878.00,422.00,7.00,92.00,0.00,115.00,75.00,58.04,0.78,5.54,0.00,15.71,7.04,25.41,12.88
Boston,15.00,6.00,113.00,99.00,1.00,1.00,214.00,1038.00,329.00,154.00,1.00,459.00,0.00,57.00,38.00,1038.00,313.00,144.00,75.00,1.00,459.00,0.00,11.00,35.00,14.84,0.10,44.22,0.00,5.49,3.66,7.23,31.70
Boston,15.00,7.00,135.00,162.00,1.00,4.00,302.00,1305.00,165.00,660.00,3.00,22.00,0.00,329.00,126.00,1305.00,126.00,608.00,222.00,1.00,21.00,0.00,228.00,99.00,50.57,0.23,1.69,0.00,25.21,9.66,17.01,12.64
Boston,15.00,8.00,107.00,132.00,0.00,2.00,241.00,1319.00,208.00,562.00,6.00,302.00,2.00,169.00,70.00,1319.00,133.00,531.00,236.00,6.00,300.00,2.00,56.00,55.00,42.61,0.45,22.90,0.15,12.81,5.31,17.89,15.77
Boston,15.00,9.00,130.00,125.00,1.00,3.00,259.00,1362.00,266.00,472.00,5.00,353.00,1.00,200.00,65.00,1362.00,239.00,457.00,181.00,3.00,351.00,0.00,90.00,41.00,34.65,0.37,25.92,0.07,14.68,4.77,13.29,19.53
Boston,16.00,1.00,169.00,121.00,2.00,3.00,295.00,1581.00,388.00,444.00,5.00,566.00,0.00,125.00,53.00,1581.00,327.00,419.00,192.00,4.00,561.00,0.00,35.00,43.00,28.08,0.32,35.80,0.00,7.91,3.35,12.14,24.54
Boston,16.00,2.00,171.00,126.00,2.00,2.00,301.00,961.00,580.00,123.00,2.00,187.00,0.00,49.00,20.00,961.00,546.00,115.00,76.00,1.00,187.00,0.00,24.00,12.00,12.80,0.21,19.46,0.00,5.10,2.08,7.91,60.35
Boston,16.00,3.00,240.00,210.00,0.00,3.00,453.00,1745.00,341.00,736.00,5.00,475.00,0.00,109.00,79.00,1745.00,313.00,709.00,122.00,2.00,475.00,0.00,58.00,66.00,42.18,0.29,27.22,0.00,6.25,4.53,6.99,19.54
Boston,16.00,4.00,216.00,181.00,0.00,2.00,399.00,2177.00,685.00,688.00,9.00,481.00,0.00,211.00,103.00,2177.00,624.00,657.00,210.00,5.00,477.00,0.00,120.00,84.00,31.60,0.41,22.09,0.00,9.69,4.73,9.65,31.47
Boston,16.00,5.00,266.00,216.00,0.00,2.00,484.00,1213.00,723.00,186.00,4.00,178.00,0.00,85.00,37.00,1213.00,688.00,167.00,126.00,2.00,178.00,0.00,24.00,28.00,15.33,0.33,14.67,0.00,7.01,3.05,10.39,59.60
Boston,16.00,6.00,320.00,237.00,2.00,4.00,563.00,2277.00,580.00,881.00,4.00,577.00,1.00,146.00,88.00,2277.00,502.00,816.00,260.00,3.00,577.00,1.00,57.00,61.00,38.69,0.18,25.34,0.04,6.41,3.86,11.42,25.47
Boston,16.00,7.00,266.00,190.00,3.00,13.00,472.00,1361.00,1032.00,184.00,3.00,93.00,2.00,36.00,11.00,1361.00,1006.00,170.00,61.00,2.00,91.00,2.00,19.00,10.00,13.52,0.22,6.83,0.15,2.65,0.81,4.48,75.83
Boston,16.00,8.00,331.00,253.00,1.00,10.00,595.00,1548.00,922.00,358.00,7.00,162.00,0.00,42.00,57.00,1548.00,901.00,331.00,93.00,7.00,161.00,0.00,10.00,45.00,23.13,0.45,10.47,0.00,2.71,3.68,6.01,59.56
Boston,16.00,9.00,274.00,251.00,5.00,23.00,553.00,1655.00,1514.00,55.00,3.00,51.00,0.00,15.00,17.00,1655.00,1490.00,54.00,45.00,0.00,51.00,0.00,2.00,13.00,3.32,0.18,3.08,0.00,0.91,1.03,2.72,91.48
Boston,16.00,10.00,220.00,187.00,3.00,13.00,423.00,1559.00,1191.00,184.00,1.00,116.00,2.00,32.00,33.00,1559.00,1158.00,174.00,70.00,1.00,116.00,1.00,10.00,29.00,11.80,0.06,7.44,0.13,2.05,2.12,4.49,76.40
Boston,16.00,11.00,296.00,267.00,3.00,12.00,578.00,1575.00,1084.00,283.00,5.00,140.00,0.00,33.00,30.00,1575.00,1049.00,272.00,78.00,5.00,135.00,0.00,14.00,22.00,17.97,0.32,8.89,0.00,2.10,1.90,4.95,68.83
Boston,16.00,12.00,227.00,289.00,6.00,36.00,558.00,1289.00,1208.00,46.00,4.00,16.00,0.00,9.00,6.00,1289.00,1197.00,45.00,15.00,4.00,16.00,0.00,6.00,6.00,3.57,0.31,1.24,0.00,0.70,0.47,1.16,93.72
Boston,17.00,1.00,117.00,203.00,0.00,3.00,323.00,1313.00,132.00,961.00,16.00,4.00,0.00,132.00,68.00,1313.00,44.00,927.00,243.00,4.00,4.00,0.00,32.00,59.00,73.19,1.22,0.30,0.00,10.05,5.18,18.51,10.05
Boston,17.00,2.00,111.00,161.00,0.00,3.00,275.00,983.00,85.00,617.00,6.00,93.00,2.00,124.00,56.00,983.00,55.00,563.00,176.00,1.00,91.00,0.00,51.00,46.00,62.77,0.61,9.46,0.20,12.61,5.70,17.90,8.65
Boston,17.00,3.00,302.00,338.00,1.00,2.00,643.00,1996.00,338.00,1383.00,2.00,40.00,3.00,151.00,79.00,1996.00,267.00,1330.00,273.00,1.00,40.00,0.00,35.00,50.00,69.29,0.10,2.00,0.15,7.57,3.96,13.68,16.93
Boston,17.00,4.00,372.00,416.00,2.00,12.00,802.00,2105.00,514.00,1236.00,10.00,160.00,0.00,102.00,83.00,2105.00,492.00,1190.00,145.00,10.00,158.00,0.00,45.00,65.00,58.72,0.48,7.60,0.00,4.85,3.94,6.89,24.42
Boston,17.00,5.00,86.00,157.00,0.00,0.00,243.00,981.00,48.00,777.00,9.00,17.00,1.00,86.00,43.00,981.00,20.00,718.00,189.00,3.00,17.00,1.00,6.00,27.00,79.20,0.92,1.73,0.10,8.77,4.38,19.27,4.89
Boston,17.00,6.00,271.00,227.00,1.00,3.00,502.00,1526.00,386.00,790.00,10.00,130.00,1.00,137.00,72.00,1526.00,329.00,745.00,220.00,8.00,130.00,0.00,36.00,58.00,51.77,0.66,8.52,0.07,8.98,4.72,14.42,25.29
Boston,17.00,7.00,93.00,153.00,0.00,5.00,251.00,803.00,44.00,684.00,4.00,10.00,0.00,28.00,33.00,803.00,40.00,660.00,59.00,3.00,10.00,0.00,12.00,19.00,85.18,0.50,1.25,0.00,3.49,4.11,7.35,5.48
Boston,17.00,8.00,159.00,275.00,1.00,1.00,436.00,1261.00,100.00,1002.00,9.00,10.00,0.00,91.00,49.00,1261.00,59.00,958.00,191.00,2.00,10.00,0.00,14.00,27.00,79.46,0.71,0.79,0.00,7.22,3.89,15.15,7.93
Boston,17.00,9.00,261.00,164.00,0.00,3.00,428.00,1032.00,430.00,463.00,3.00,55.00,0.00,49.00,32.00,1032.00,387.00,444.00,97.00,3.00,55.00,0.00,18.00,28.00,44.86,0.29,5.33,0.00,4.75,3.10,9.40,41.67
Boston,17.00,10.00,199.00,349.00,1.00,2.00,551.00,1842.00,111.00,1537.00,5.00,13.00,0.00,116.00,60.00,1842.00,68.00,1471.00,197.00,4.00,13.00,0.00,37.00,52.00,83.44,0.27,0.71,0.00,6.30,3.26,10.69,6.03
Boston,17.00,11.00,128.00,114.00,0.00,1.00,243.00,708.00,103.00,486.00,1.00,41.00,0.00,54.00,23.00,708.00,86.00,468.00,66.00,1.00,41.00,0.00,31.00,15.00,68.64,0.14,5.79,0.00,7.63,3.25,9.32,14.55
Boston,17.00,12.00,181.00,218.00,1.00,1.00,401.00,1011.00,132.00,750.00,2.00,45.00,0.00,45.00,37.00,1011.00,120.00,729.00,76.00,2.00,42.00,0.00,16.00,26.00,74.18,0.20,4.45,0.00,4.45,3.66,7.52,13.06
Boston,17.00,13.00,309.00,213.00,3.00,8.00,533.00,1535.00,840.00,458.00,2.00,121.00,0.00,52.00,62.00,1535.00,812.00,440.00,96.00,2.00,120.00,0.00,14.00,51.00,29.84,0.13,7.88,0.00,3.39,4.04,6.25,54.72
Boston,17.00,14.00,306.00,267.00,1.00,1.00,575.00,1412.00,429.00,821.00,0.00,70.00,3.00,45.00,44.00,1412.00,397.00,792.00,106.00,0.00,70.00,0.00,17.00,30.00,58.14,0.00,4.96,0.21,3.19,3.12,7.51,30.38
Boston,18.00,1.00,252.00,549.00,1.00,8.00,810.00,2382.00,221.00,1849.00,20.00,28.00,0.00,174.00,90.00,2382.00,166.00,1748.00,358.00,9.00,28.00,0.00,22.00,51.00,77.62,0.84,1.18,0.00,7.30,3.78,15.03,9.28
Boston,18.00,2.00,178.00,367.00,1.00,1.00,547.00,1772.00,46.00,1598.00,8.00,17.00,1.00,51.00,51.00,1772.00,22.00,1544.00,131.00,4.00,16.00,0.00,12.00,43.00,90.18,0.45,0.96,0.06,2.88,2.88,7.39,2.60
Boston,18.00,3.00,218.00,422.00,0.00,7.00,647.00,2048.00,98.00,1776.00,19.00,18.00,2.00,68.00,67.00,2048.00,51.00,1727.00,178.00,15.00,17.00,2.00,7.00,51.00,86.72,0.93,0.88,0.10,3.32,3.27,8.69,4.79
Boston,18.00,4.00,246.00,405.00,0.00,1.00,652.00,2024.00,96.00,1764.00,5.00,9.00,0.00,95.00,55.00,2024.00,70.00,1711.00,168.00,5.00,9.00,0.00,21.00,40.00,87.15,0.25,0.44,0.00,4.69,2.72,8.30,4.74
Boston,18.00,5.00,248.00,473.00,1.00,10.00,732.00,1923.00,104.00,1681.00,24.00,4.00,0.00,56.00,54.00,1923.00,82.00,1630.00,147.00,10.00,4.00,0.00,13.00,37.00,87.42,1.25,0.21,0.00,2.91,2.81,7.64,5.41
Boston,18.00,6.00,308.00,572.00,0.00,10.00,890.00,1999.00,171.00,1672.00,8.00,13.00,0.00,69.00,66.00,1999.00,110.00,1632.00,184.00,7.00,13.00,0.00,6.00,47.00,83.64,0.40,0.65,0.00,3.45,3.30,9.20,8.55
Boston,18.00,7.00,249.00,335.00,1.00,5.00,590.00,1688.00,621.00,653.00,18.00,62.00,0.00,277.00,57.00,1688.00,410.00,584.00,587.00,8.00,59.00,0.00,17.00,23.00,38.68,1.07,3.67,0.00,16.41,3.38,34.77,36.79
Boston,18.00,8.00,443.00,544.00,0.00,7.00,994.00,3041.00,859.00,1642.00,15.00,58.00,2.00,356.00,109.00,3041.00,566.00,1548.00,791.00,5.00,57.00,2.00,16.00,56.00,54.00,0.49,1.91,0.07,11.71,3.58,26.01,28.25
Boston,18.00,9.00,390.00,255.00,3.00,7.00,655.00,1606.00,960.00,372.00,7.00,41.00,1.00,160.00,65.00,1606.00,847.00,345.00,318.00,6.00,40.00,1.00,18.00,31.00,23.16,0.44,2.55,0.06,9.96,4.05,19.80,59.78
Boston,18.00,10.00,697.00,335.00,0.00,7.00,1039.00,2337.00,1576.00,371.00,13.00,89.00,0.00,212.00,76.00,2337.00,1364.00,351.00,470.00,5.00,87.00,0.00,25.00,35.00,15.88,0.56,3.81,0.00,9.07,3.25,20.11,67.44
Boston,18.00,11.00,213.00,250.00,1.00,5.00,469.00,1410.00,415.00,707.00,9.00,29.00,0.00,194.00,56.00,1410.00,298.00,664.00,390.00,4.00,28.00,0.00,7.00,19.00,50.14,0.64,2.06,0.00,13.76,3.97,27.66,29.43
Boston,18.00,12.00,286.00,325.00,4.00,11.00,626.00,1777.00,951.00,600.00,11.00,40.00,1.00,114.00,60.00,1777.00,803.00,561.00,342.00,8.00,38.00,1.00,3.00,21.00,33.76,0.62,2.25,0.06,6.42,3.38,19.25,53.52
Boston,18.00,13.00,146.00,198.00,1.00,3.00,348.00,1147.00,381.00,578.00,3.00,33.00,0.00,116.00,36.00,1147.00,286.00,546.00,246.00,2.00,33.00,0.00,13.00,21.00,50.39,0.26,2.88,0.00,10.11,3.14,21.45,33.22
Boston,18.00,14.00,147.00,211.00,0.00,2.00,360.00,1284.00,345.00,692.00,5.00,23.00,0.00,169.00,50.00,1284.00,222.00,647.00,349.00,2.00,20.00,0.00,17.00,27.00,53.89,0.39,1.79,0.00,13.16,3.89,27.18,26.87
Boston,18.00,15.00,258.00,382.00,1.00,5.00,646.00,1723.00,301.00,1195.00,6.00,20.00,0.00,151.00,50.00,1723.00,215.00,1131.00,330.00,5.00,20.00,0.00,4.00,18.00,69.36,0.35,1.16,0.00,8.76,2.90,19.15,17.47
Boston,18.00,16.00,400.00,387.00,2.00,22.00,811.00,1733.00,1194.00,380.00,8.00,39.00,5.00,73.00,34.00,1733.00,1118.00,355.00,191.00,2.00,38.00,0.00,7.00,22.00,21.93,0.46,2.25,0.29,4.21,1.96,11.02,68.90
Boston,18.00,17.00,266.00,330.00,4.00,8.00,608.00,1650.00,689.00,665.00,10.00,44.00,1.00,171.00,70.00,1650.00,576.00,616.00,374.00,4.00,44.00,1.00,7.00,28.00,40.30,0.61,2.67,0.06,10.36,4.24,22.67,41.76
Boston,18.00,18.00,292.00,449.00,2.00,20.00,763.00,2356.00,1007.00,985.00,6.00,17.00,4.00,253.00,84.00,2356.00,827.00,913.00,537.00,4.00,17.00,0.00,16.00,42.00,41.81,0.25,0.72,0.17,10.74,3.57,22.79,42.74
Boston,18.00,19.00,458.00,493.00,5.00,18.00,974.00,2594.00,1046.00,1180.00,8.00,70.00,3.00,199.00,88.00,2594.00,864.00,1125.00,467.00,3.00,68.00,0.00,17.00,50.00,45.49,0.31,2.70,0.12,7.67,3.39,18.00,40.32
Boston,18.00,20.00,356.00,471.00,5.00,47.00,879.00,2279.00,1486.00,518.00,5.00,42.00,1.00,169.00,58.00,2279.00,1417.00,490.00,254.00,4.00,42.00,1.00,38.00,33.00,22.73,0.22,1.84,0.04,7.42,2.54,11.15,65.20
Boston,18.00,21.00,290.00,470.00,3.00,5.00,768.00,2119.00,111.00,1810.00,11.00,2.00,0.00,123.00,62.00,2119.00,61.00,1748.00,237.00,7.00,1.00,0.00,20.00,45.00,85.42,0.52,0.09,0.00,5.80,2.93,11.18,5.24
Boston,18.00,22.00,424.00,328.00,1.00,23.00,776.00,1753.00,1115.00,385.00,4.00,32.00,2.00,162.00,53.00,1753.00,945.00,355.00,387.00,1.00,28.00,2.00,10.00,25.00,21.96,0.23,1.83,0.11,9.24,3.02,22.08,63.61
Boston,18.00,23.00,151.00,288.00,0.00,2.00,441.00,1195.00,255.00,743.00,6.00,11.00,0.00,148.00,32.00,1195.00,165.00,696.00,305.00,0.00,11.00,0.00,8.00,10.00,62.18,0.50,0.92,0.00,12.38,2.68,25.52,21.34
Boston,19.00,1.00,639.00,110.00,1.00,2.00,752.00,1990.00,1588.00,118.00,17.00,69.00,0.00,112.00,86.00,1990.00,1438.00,104.00,327.00,4.00,67.00,0.00,10.00,40.00,5.93,0.85,3.47,0.00,5.63,4.32,16.43,79.80
Boston,19.00,2.00,579.00,242.00,1.00,7.00,829.00,1878.00,1545.00,87.00,7.00,177.00,0.00,15.00,47.00,1878.00,1497.00,83.00,82.00,6.00,175.00,0.00,0.00,35.00,4.63,0.37,9.42,0.00,0.80,2.50,4.37,82.27
Boston,19.00,3.00,521.00,122.00,1.00,2.00,646.00,1308.00,1121.00,61.00,4.00,65.00,3.00,19.00,35.00,1308.00,1080.00,59.00,66.00,0.00,64.00,3.00,6.00,30.00,4.66,0.31,4.97,0.23,1.45,2.68,5.05,85.70
Boston,19.00,4.00,783.00,139.00,0.00,0.00,922.00,1234.00,1038.00,61.00,3.00,41.00,0.00,48.00,43.00,1234.00,980.00,57.00,114.00,2.00,41.00,0.00,5.00,35.00,4.94,0.24,3.32,0.00,3.89,3.48,9.24,84.12
Boston,19.00,5.00,612.00,132.00,0.00,1.00,745.00,1582.00,1239.00,158.00,8.00,70.00,0.00,71.00,36.00,1582.00,1125.00,143.00,209.00,5.00,70.00,0.00,8.00,22.00,9.99,0.51,4.42,0.00,4.49,2.28,13.21,78.32
Boston,19.00,6.00,870.00,154.00,1.00,5.00,1030.00,1665.00,1390.00,123.00,8.00,69.00,0.00,33.00,42.00,1665.00,1319.00,110.00,125.00,6.00,69.00,0.00,6.00,30.00,7.39,0.48,4.14,0.00,1.98,2.52,7.51,83.48
Boston,19.00,7.00,697.00,168.00,0.00,2.00,867.00,1717.00,1105.00,211.00,8.00,136.00,0.00,184.00,73.00,1717.00,941.00,198.00,388.00,2.00,136.00,0.00,11.00,41.00,12.29,0.47,7.92,0.00,10.72,4.25,22.60,64.36
Boston,19.00,8.00,419.00,89.00,0.00,1.00,509.00,843.00,754.00,27.00,1.00,28.00,0.00,12.00,21.00,843.00,728.00,27.00,38.00,1.00,28.00,0.00,4.00,17.00,3.20,0.12,3.32,0.00,1.42,2.49,4.51,89.44
Boston,19.00,9.00,399.00,96.00,0.00,1.00,496.00,844.00,707.00,40.00,1.00,66.00,0.00,11.00,19.00,844.00,661.00,39.00,60.00,0.00,66.00,0.00,3.00,15.00,4.74,0.12,7.82,0.00,1.30,2.25,7.11,83.77
Boston,19.00,10.00,536.00,287.00,0.00,2.00,825.00,1817.00,1097.00,474.00,6.00,36.00,3.00,142.00,59.00,1817.00,928.00,425.00,394.00,4.00,35.00,3.00,6.00,22.00,26.09,0.33,1.98,0.17,7.82,3.25,21.68,60.37
Boston,19.00,11.00,192.00,176.00,0.00,2.00,370.00,1386.00,469.00,390.00,7.00,73.00,0.00,364.00,83.00,1386.00,232.00,342.00,694.00,2.00,73.00,0.00,7.00,36.00,28.14,0.51,5.27,0.00,26.26,5.99,50.07,33.84
Boston,19.00,12.00,451.00,154.00,1.00,2.00,608.00,1133.00,750.00,237.00,7.00,19.00,1.00,74.00,45.00,1133.00,656.00,220.00,212.00,5.00,18.00,1.00,1.00,20.00,20.92,0.62,1.68,0.09,6.53,3.97,18.71,66.20
Boston,19.00,13.00,266.00,161.00,0.00,0.00,427.00,1850.00,792.00,581.00,10.00,42.00,5.00,321.00,99.00,1850.00,516.00,516.00,732.00,2.00,42.00,4.00,9.00,29.00,31.41,0.54,2.27,0.27,17.35,5.35,39.57,42.81
Boston,20.00,1.00,526.00,210.00,2.00,4.00,742.00,1872.00,1672.00,79.00,4.00,55.00,0.00,44.00,18.00,1872.00,1603.00,71.00,115.00,1.00,54.00,0.00,13.00,15.00,4.22,0.21,2.94,0.00,2.35,0.96,6.14,89.32
Boston,20.00,2.00,510.00,210.00,3.00,3.00,726.00,1786.00,1285.00,248.00,9.00,67.00,0.00,120.00,57.00,1786.00,1129.00,218.00,333.00,3.00,66.00,0.00,7.00,30.00,13.89,0.50,3.75,0.00,6.72,3.19,18.65,71.95
Boston,20.00,3.00,288.00,302.00,2.00,10.00,602.00,1967.00,1118.00,543.00,4.00,121.00,0.00,133.00,48.00,1967.00,1001.00,508.00,298.00,4.00,121.00,0.00,7.00,28.00,27.61,0.20,6.15,0.00,6.76,2.44,15.15,56.84
Boston,20.00,4.00,581.00,139.00,1.00,1.00,722.00,1132.00,972.00,74.00,0.00,21.00,0.00,42.00,23.00,1132.00,941.00,69.00,85.00,0.00,21.00,0.00,3.00,13.00,6.54,0.00,1.86,0.00,3.71,2.03,7.51,85.87
Boston,20.00,5.00,319.00,302.00,5.00,13.00,639.00,2961.00,2444.00,180.00,6.00,183.00,1.00,106.00,41.00,2961.00,2324.00,161.00,245.00,4.00,183.00,1.00,10.00,33.00,6.08,0.20,6.18,0.03,3.58,1.38,8.27,82.54
Boston,20.00,6.00,517.00,264.00,6.00,9.00,796.00,1978.00,1797.00,67.00,8.00,64.00,1.00,17.00,24.00,1978.00,1735.00,67.00,82.00,7.00,63.00,1.00,3.00,20.00,3.39,0.40,3.24,0.05,0.86,1.21,4.15,90.85
Boston,20.00,7.00,356.00,164.00,2.00,3.00,525.00,1072.00,977.00,41.00,4.00,28.00,0.00,13.00,9.00,1072.00,933.00,37.00,62.00,4.00,28.00,0.00,2.00,6.00,3.82,0.37,2.61,0.00,1.21,0.84,5.78,91.14
Boston,20.00,8.00,402.00,177.00,0.00,2.00,581.00,1391.00,1117.00,113.00,8.00,45.00,0.00,70.00,38.00,1391.00,1056.00,102.00,162.00,1.00,45.00,0.00,2.00,23.00,8.12,0.58,3.24,0.00,5.03,2.73,11.65,80.30
Boston,20.00,9.00,402.00,194.00,3.00,8.00,607.00,1481.00,1136.00,188.00,1.00,14.00,0.00,109.00,33.00,1481.00,1027.00,176.00,243.00,0.00,14.00,0.00,7.00,14.00,12.69,0.07,0.95,0.00,7.36,2.23,16.41,76.70
Boston,20.00,10.00,488.00,301.00,4.00,6.00,799.00,1488.00,1248.00,71.00,0.00,95.00,1.00,53.00,20.00,1488.00,1191.00,60.00,122.00,0.00,94.00,1.00,8.00,12.00,4.77,0.00,6.38,0.07,3.56,1.34,8.20,83.87
Boston,20.00,11.00,282.00,143.00,1.00,0.00,426.00,816.00,732.00,22.00,0.00,40.00,1.00,7.00,14.00,816.00,708.00,18.00,35.00,0.00,40.00,1.00,1.00,13.00,2.70,0.00,4.90,0.12,0.86,1.72,4.29,89.71
Boston,20.00,12.00,298.00,209.00,3.00,6.00,516.00,1044.00,989.00,15.00,0.00,30.00,0.00,5.00,5.00,1044.00,974.00,14.00,23.00,0.00,30.00,0.00,0.00,3.00,1.44,0.00,2.87,0.00,0.48,0.48,2.20,94.73
Boston,20.00,13.00,295.00,155.00,1.00,7.00,458.00,952.00,858.00,19.00,0.00,56.00,1.00,12.00,6.00,952.00,842.00,19.00,29.00,0.00,56.00,1.00,3.00,2.00,2.00,0.00,5.88,0.11,1.26,0.63,3.05,90.13
Boston,20.00,14.00,293.00,162.00,1.00,3.00,459.00,915.00,845.00,18.00,1.00,36.00,0.00,6.00,9.00,915.00,828.00,13.00,28.00,1.00,36.00,0.00,1.00,8.00,1.97,0.11,3.93,0.00,0.66,0.98,3.06,92.35
Boston,20.00,15.00,352.00,276.00,3.00,6.00,637.00,2041.00,1593.00,160.00,7.00,186.00,0.00,69.00,26.00,2041.00,1525.00,140.00,154.00,4.00,185.00,0.00,8.00,25.00,7.84,0.34,9.11,0.00,3.38,1.27,7.55,78.05
Boston,20.00,16.00,374.00,294.00,6.00,9.00,683.00,2031.00,1704.00,87.00,2.00,164.00,2.00,45.00,27.00,2031.00,1640.00,79.00,126.00,0.00,164.00,1.00,8.00,13.00,4.28,0.10,8.07,0.10,2.22,1.33,6.20,83.90
Boston,20.00,17.00,491.00,309.00,7.00,14.00,821.00,1926.00,1763.00,55.00,1.00,84.00,0.00,6.00,17.00,1926.00,1708.00,52.00,70.00,0.00,84.00,0.00,0.00,12.00,2.86,0.05,4.36,0.00,0.31,0.88,3.63,91.54
Boston,20.00,18.00,301.00,131.00,1.00,11.00,444.00,1041.00,908.00,48.00,7.00,59.00,0.00,8.00,11.00,1041.00,880.00,45.00,45.00,2.00,59.00,0.00,5.00,5.00,4.61,0.67,5.67,0.00,0.77,1.06,4.32,87.22
Boston,20.00,19.00,270.00,177.00,1.00,5.00,453.00,1038.00,961.00,11.00,0.00,56.00,0.00,4.00,6.00,1038.00,927.00,10.00,41.00,0.00,56.00,0.00,2.00,2.00,1.06,0.00,5.39,0.00,0.39,0.58,3.95,92.58
Boston,20.00,20.00,467.00,246.00,4.00,7.00,724.00,2367.00,1882.00,102.00,1.00,283.00,0.00,50.00,49.00,2367.00,1796.00,97.00,135.00,1.00,283.00,0.00,15.00,40.00,4.31,0.04,11.96,0.00,2.11,2.07,5.70,79.51
Boston,21.00,1.00,439.00,138.00,0.00,2.00,579.00,3936.00,2804.00,140.00,8.00,776.00,5.00,78.00,125.00,3936.00,2608.00,132.00,298.00,7.00,773.00,3.00,14.00,101.00,3.56,0.20,19.72,0.13,1.98,3.18,7.57,71.24
Boston,21.00,2.00,72.00,24.00,0.00,0.00,96.00,6796.00,4675.00,223.00,3.00,1512.00,0.00,115.00,268.00,6796.00,4319.00,204.00,525.00,2.00,1500.00,0.00,20.00,226.00,3.28,0.04,22.25,0.00,1.69,3.94,7.73,68.79
Boston,21.00,3.00,280.00,58.00,0.00,1.00,339.00,3700.00,2379.00,137.00,6.00,956.00,1.00,101.00,120.00,3700.00,2212.00,127.00,256.00,5.00,946.00,1.00,46.00,107.00,3.70,0.16,25.84,0.03,2.73,3.24,6.92,64.30
Boston,21.00,4.00,274.00,33.00,0.00,1.00,308.00,2966.00,1914.00,77.00,2.00,596.00,1.00,240.00,136.00,2966.00,1775.00,76.00,326.00,1.00,594.00,1.00,101.00,92.00,2.60,0.07,20.09,0.03,8.09,4.59,10.99,64.53
Boston,21.00,5.00,464.00,85.00,0.00,2.00,551.00,2668.00,1915.00,106.00,2.00,511.00,3.00,64.00,67.00,2668.00,1792.00,98.00,184.00,0.00,507.00,2.00,29.00,56.00,3.97,0.07,19.15,0.11,2.40,2.51,6.90,71.78
Boston,21.00,6.00,346.00,71.00,1.00,7.00,425.00,2860.00,2162.00,94.00,5.00,405.00,3.00,108.00,83.00,2860.00,2024.00,89.00,216.00,2.00,404.00,3.00,51.00,71.00,3.29,0.17,14.16,0.10,3.78,2.90,7.55,75.59
Boston,21.00,7.00,362.00,163.00,0.00,1.00,526.00,1555.00,1017.00,152.00,5.00,207.00,3.00,107.00,64.00,1555.00,858.00,131.00,290.00,2.00,206.00,3.00,16.00,49.00,9.77,0.32,13.31,0.19,6.88,4.12,18.65,65.40
Boston,21.00,8.00,544.00,121.00,2.00,2.00,669.00,2811.00,2080.00,124.00,6.00,433.00,1.00,104.00,63.00,2811.00,1981.00,118.00,196.00,2.00,432.00,1.00,31.00,50.00,4.41,0.21,15.40,0.04,3.70,2.24,6.97,74.00
Boston,21.00,9.00,492.00,137.00,0.00,5.00,634.00,2881.00,1824.00,255.00,11.00,555.00,1.00,140.00,95.00,2881.00,1691.00,230.00,304.00,4.00,553.00,1.00,24.00,74.00,8.85,0.38,19.26,0.03,4.86,3.30,10.55,63.31
Boston,21.00,10.00,367.00,128.00,0.00,6.00,501.00,2112.00,1504.00,152.00,2.00,313.00,1.00,74.00,66.00,2112.00,1399.00,134.00,214.00,1.00,311.00,1.00,7.00,45.00,7.20,0.09,14.82,0.05,3.50,3.13,10.13,71.21
Boston,21.00,11.00,491.00,108.00,0.00,5.00,604.00,2664.00,1982.00,82.00,4.00,465.00,0.00,67.00,64.00,2664.00,1890.00,76.00,161.00,2.00,465.00,0.00,18.00,52.00,3.08,0.15,17.45,0.00,2.52,2.40,6.04,74.40
Boston,21.00,12.00,435.00,161.00,2.00,6.00,604.00,2414.00,2051.00,85.00,2.00,198.00,2.00,36.00,40.00,2414.00,1972.00,76.00,126.00,1.00,196.00,2.00,8.00,33.00,3.52,0.08,8.20,0.08,1.49,1.66,5.22,84.96
Boston,21.00,13.00,448.00,186.00,0.00,3.00,637.00,2772.00,2133.00,52.00,1.00,502.00,1.00,39.00,44.00,2772.00,2088.00,48.00,76.00,0.00,502.00,1.00,17.00,40.00,1.88,0.04,18.11,0.04,1.41,1.59,2.74,76.95
Boston,21.00,14.00,304.00,62.00,0.00,2.00,368.00,1528.00,1253.00,44.00,2.00,175.00,0.00,20.00,34.00,1528.00,1197.00,42.00,83.00,2.00,175.00,0.00,2.00,27.00,2.88,0.13,11.45,0.00,1.31,2.23,5.43,82.00
Boston,21.00,15.00,399.00,65.00,0.00,3.00,467.00,1905.00,1545.00,54.00,6.00,236.00,2.00,32.00,30.00,1905.00,1488.00,53.00,87.00,4.00,235.00,2.00,11.00,25.00,2.83,0.31,12.39,0.10,1.68,1.57,4.57,81.10
Boston,21.00,16.00,442.00,147.00,1.00,1.00,591.00,5369.00,4299.00,265.00,4.00,567.00,0.00,88.00,146.00,5369.00,4024.00,248.00,393.00,4.00,564.00,0.00,11.00,125.00,4.94,0.07,10.56,0.00,1.64,2.72,7.32,80.07
Boston,22.00,1.00,519.00,123.00,0.00,3.00,645.00,5112.00,3220.00,357.00,17.00,1026.00,1.00,278.00,213.00,5112.00,2804.00,315.00,712.00,8.00,1022.00,1.00,68.00,182.00,6.98,0.33,20.07,0.02,5.44,4.17,13.93,62.99
Boston,22.00,2.00,627.00,206.00,1.00,5.00,839.00,2937.00,1933.00,163.00,8.00,404.00,2.00,315.00,112.00,2937.00,1738.00,146.00,480.00,3.00,401.00,2.00,98.00,69.00,5.55,0.27,13.76,0.07,10.73,3.81,16.34,65.82
Boston,22.00,3.00,527.00,173.00,1.00,2.00,703.00,2369.00,1875.00,78.00,3.00,306.00,0.00,73.00,34.00,2369.00,1787.00,70.00,157.00,3.00,305.00,0.00,21.00,26.00,3.29,0.13,12.92,0.00,3.08,1.44,6.63,79.15
Boston,22.00,4.00,405.00,145.00,2.00,4.00,556.00,1406.00,1133.00,57.00,0.00,154.00,0.00,42.00,20.00,1406.00,1085.00,55.00,87.00,0.00,151.00,0.00,10.00,18.00,4.05,0.00,10.95,0.00,2.99,1.42,6.19,80.58
Boston,22.00,5.00,281.00,119.00,1.00,1.00,402.00,1642.00,1010.00,116.00,3.00,185.00,0.00,251.00,77.00,1642.00,894.00,99.00,270.00,1.00,184.00,0.00,136.00,58.00,7.06,0.18,11.27,0.00,15.29,4.69,16.44,61.51
Boston,22.00,6.00,317.00,105.00,0.00,7.00,429.00,1585.00,1157.00,41.00,1.00,221.00,0.00,117.00,48.00,1585.00,1066.00,32.00,169.00,1.00,221.00,0.00,58.00,38.00,2.59,0.06,13.94,0.00,7.38,3.03,10.66,73.00
Boston,22.00,7.00,454.00,139.00,0.00,1.00,594.00,2079.00,1628.00,118.00,4.00,160.00,1.00,121.00,47.00,2079.00,1552.00,109.00,164.00,3.00,159.00,1.00,52.00,39.00,5.68,0.19,7.70,0.05,5.82,2.26,7.89,78.31
Boston,22.00,8.00,268.00,122.00,1.00,1.00,392.00,2065.00,1583.00,61.00,1.00,357.00,0.00,26.00,37.00,2065.00,1505.00,58.00,108.00,1.00,354.00,0.00,8.00,31.00,2.95,0.05,17.29,0.00,1.26,1.79,5.23,76.66
Boston,22.00,9.00,367.00,134.00,1.00,11.00,513.00,2018.00,1564.00,40.00,0.00,319.00,2.00,33.00,60.00,2018.00,1498.00,37.00,99.00,0.00,319.00,2.00,11.00,52.00,1.98,0.00,15.81,0.10,1.64,2.97,4.91,77.50
Boston,22.00,10.00,478.00,168.00,1.00,6.00,653.00,2442.00,1984.00,90.00,1.00,250.00,0.00,73.00,44.00,2442.00,1842.00,81.00,207.00,1.00,248.00,0.00,34.00,29.00,3.69,0.04,10.24,0.00,2.99,1.80,8.48,81.24
Boston,22.00,11.00,287.00,119.00,1.00,2.00,409.00,1315.00,1019.00,66.00,5.00,155.00,0.00,29.00,41.00,1315.00,949.00,64.00,109.00,1.00,152.00,0.00,12.00,28.00,5.02,0.38,11.79,0.00,2.21,3.12,8.29,77.49
Boston,22.00,12.00,263.00,145.00,2.00,4.00,414.00,1646.00,1007.00,164.00,8.00,242.00,1.00,158.00,66.00,1646.00,903.00,138.00,299.00,5.00,242.00,0.00,29.00,30.00,9.96,0.49,14.70,0.06,9.60,4.01,18.17,61.18
